CREATE DATABASE  IF NOT EXISTS `bambutatata2` /*!40100 DEFAULT CHARACTER SET utf8 */;
USE `bambutatata2`;
-- MySQL dump 10.13  Distrib 5.6.17, for Win32 (x86)
--
-- Host: localhost    Database: bambutatata2
-- ------------------------------------------------------
-- Server version	5.6.20

/*!40101 SET @OLD_CHARACTER_SET_CLIENT=@@CHARACTER_SET_CLIENT */;
/*!40101 SET @OLD_CHARACTER_SET_RESULTS=@@CHARACTER_SET_RESULTS */;
/*!40101 SET @OLD_COLLATION_CONNECTION=@@COLLATION_CONNECTION */;
/*!40101 SET NAMES utf8 */;
/*!40103 SET @OLD_TIME_ZONE=@@TIME_ZONE */;
/*!40103 SET TIME_ZONE='+00:00' */;
/*!40014 SET @OLD_UNIQUE_CHECKS=@@UNIQUE_CHECKS, UNIQUE_CHECKS=0 */;
/*!40014 SET @OLD_FOREIGN_KEY_CHECKS=@@FOREIGN_KEY_CHECKS, FOREIGN_KEY_CHECKS=0 */;
/*!40101 SET @OLD_SQL_MODE=@@SQL_MODE, SQL_MODE='NO_AUTO_VALUE_ON_ZERO' */;
/*!40111 SET @OLD_SQL_NOTES=@@SQL_NOTES, SQL_NOTES=0 */;

--
-- Table structure for table `personacontacto`
--

DROP TABLE IF EXISTS `personacontacto`;
/*!40101 SET @saved_cs_client     = @@character_set_client */;
/*!40101 SET character_set_client = utf8 */;
CREATE TABLE `personacontacto` (
  `idPersonaContacto` int(11) NOT NULL AUTO_INCREMENT,
  `Nombre` varchar(200) DEFAULT NULL,
  `Apellidos` varchar(200) DEFAULT NULL,
  `Email` varchar(100) DEFAULT NULL,
  `Telefono` varchar(100) DEFAULT NULL,
  `idEmpresa` int(11) NOT NULL,
  `idPersona` int(11) NOT NULL,
  `CreadoPor` int(11) NOT NULL,
  `ModificadoPor` int(11) DEFAULT NULL,
  `FechaCreacion` datetime NOT NULL,
  `FechaModificacion` datetime DEFAULT NULL,
  `RegistroBorrado` tinyint(1) NOT NULL,
  `BorradoPor` int(11) DEFAULT NULL,
  `FechaBorrado` datetime DEFAULT NULL,
  `UsuarioSkype` varchar(100) DEFAULT NULL,
  `Celular` varchar(100) DEFAULT NULL,
  `DireccionEntrega` varchar(200) DEFAULT NULL,
  `latitud` double DEFAULT NULL,
  `longitud` double DEFAULT NULL,
  `idCompania` int(11) DEFAULT NULL,
  `idUsuario` int(11) DEFAULT NULL,
  `facebook` varchar(100) DEFAULT NULL,
  `whatsapp` varchar(50) DEFAULT NULL,
  PRIMARY KEY (`idPersonaContacto`),
  KEY `fk_PersonaContacto_idPersona` (`idPersona`),
  KEY `fk_PersonaContacto_idEmpresa` (`idEmpresa`),
  KEY `fk_PersonaContacto_CreadoPor` (`CreadoPor`),
  KEY `fk_PersonaContacto_ModificadoPor` (`ModificadoPor`),
  KEY `fk_PersonaContacto_BorradoPor` (`BorradoPor`),
  KEY `fkPersonaContacto_idCompania` (`idCompania`),
  KEY `fkPersonaContacto_idUsuario` (`idUsuario`),
  CONSTRAINT `fkPersonaContacto_idCompania` FOREIGN KEY (`idCompania`) REFERENCES `compania` (`idCompania`),
  CONSTRAINT `fkPersonaContacto_idUsuario` FOREIGN KEY (`idUsuario`) REFERENCES `usuario` (`idUsuario`),
  CONSTRAINT `fk_PersonaContacto_BorradoPor` FOREIGN KEY (`BorradoPor`) REFERENCES `usuario` (`idUsuario`),
  CONSTRAINT `fk_PersonaContacto_CreadoPor` FOREIGN KEY (`CreadoPor`) REFERENCES `usuario` (`idUsuario`),
  CONSTRAINT `fk_PersonaContacto_ModificadoPor` FOREIGN KEY (`ModificadoPor`) REFERENCES `usuario` (`idUsuario`),
  CONSTRAINT `fk_PersonaContacto_idEmpresa` FOREIGN KEY (`idEmpresa`) REFERENCES `empresa` (`idEmpresa`),
  CONSTRAINT `fk_PersonaContacto_idPersona` FOREIGN KEY (`idPersona`) REFERENCES `persona` (`idPersona`)
) ENGINE=InnoDB AUTO_INCREMENT=323 DEFAULT CHARSET=utf8;
/*!40101 SET character_set_client = @saved_cs_client */;

--
-- Dumping data for table `personacontacto`
--

LOCK TABLES `personacontacto` WRITE;
/*!40000 ALTER TABLE `personacontacto` DISABLE KEYS */;
INSERT INTO `personacontacto` VALUES (1,NULL,NULL,NULL,NULL,1,1,1,NULL,'2016-12-02 09:54:49',NULL,0,NULL,NULL,NULL,NULL,NULL,NULL,NULL,NULL,NULL,NULL,NULL),(2,NULL,NULL,NULL,NULL,1,2,1,NULL,'2016-12-02 10:32:19',NULL,0,NULL,NULL,NULL,NULL,NULL,NULL,NULL,NULL,NULL,NULL,NULL),(3,NULL,NULL,NULL,NULL,1,3,1,NULL,'2016-12-02 14:20:53',NULL,0,NULL,NULL,NULL,NULL,NULL,NULL,NULL,NULL,NULL,NULL,NULL),(4,NULL,NULL,NULL,NULL,1,4,1,NULL,'2016-12-02 14:34:05',NULL,0,NULL,NULL,NULL,NULL,NULL,NULL,NULL,NULL,NULL,NULL,NULL),(5,NULL,NULL,NULL,NULL,1,5,1,NULL,'2016-12-02 16:28:08',NULL,0,NULL,NULL,NULL,NULL,NULL,NULL,NULL,NULL,NULL,NULL,NULL),(6,NULL,NULL,NULL,NULL,1,6,1,NULL,'2016-12-06 11:16:15',NULL,0,NULL,NULL,NULL,NULL,NULL,NULL,NULL,NULL,NULL,NULL,NULL),(7,NULL,NULL,NULL,NULL,1,7,1,NULL,'2016-12-06 11:33:04',NULL,0,NULL,NULL,NULL,NULL,NULL,NULL,NULL,NULL,NULL,NULL,NULL),(8,NULL,NULL,NULL,NULL,1,8,1,NULL,'2016-12-07 13:49:47',NULL,0,NULL,NULL,NULL,NULL,NULL,NULL,NULL,NULL,NULL,NULL,NULL),(9,NULL,NULL,NULL,NULL,1,9,1,NULL,'2016-12-07 15:31:10',NULL,0,NULL,NULL,NULL,NULL,NULL,NULL,NULL,NULL,NULL,NULL,NULL),(10,NULL,NULL,NULL,NULL,1,10,1,NULL,'2016-12-07 15:33:34',NULL,0,NULL,NULL,NULL,NULL,NULL,NULL,NULL,NULL,NULL,NULL,NULL),(11,NULL,NULL,NULL,NULL,1,11,1,NULL,'2016-12-07 15:34:24',NULL,0,NULL,NULL,NULL,NULL,NULL,NULL,NULL,NULL,NULL,NULL,NULL),(12,NULL,NULL,NULL,NULL,1,12,1,NULL,'2016-12-07 15:36:13',NULL,0,NULL,NULL,NULL,NULL,NULL,NULL,NULL,NULL,NULL,NULL,NULL),(13,NULL,NULL,NULL,NULL,1,13,1,NULL,'2016-12-07 15:36:24',NULL,0,NULL,NULL,NULL,NULL,NULL,NULL,NULL,NULL,NULL,NULL,NULL),(14,NULL,NULL,NULL,NULL,1,14,1,NULL,'2016-12-07 15:37:22',NULL,0,NULL,NULL,NULL,NULL,NULL,NULL,NULL,NULL,NULL,NULL,NULL),(15,NULL,NULL,NULL,NULL,1,15,1,NULL,'2016-12-07 15:37:47',NULL,0,NULL,NULL,NULL,NULL,NULL,NULL,NULL,NULL,NULL,NULL,NULL),(16,NULL,NULL,NULL,NULL,1,16,1,NULL,'2016-12-07 15:38:17',NULL,0,NULL,NULL,NULL,NULL,NULL,NULL,NULL,NULL,NULL,NULL,NULL),(17,NULL,NULL,NULL,NULL,1,17,1,NULL,'2016-12-07 15:39:38',NULL,0,NULL,NULL,NULL,NULL,NULL,NULL,NULL,NULL,NULL,NULL,NULL),(18,NULL,NULL,NULL,NULL,1,18,1,NULL,'2016-12-07 15:43:14',NULL,0,NULL,NULL,NULL,NULL,NULL,NULL,NULL,NULL,NULL,NULL,NULL),(19,NULL,NULL,NULL,NULL,1,19,1,NULL,'2016-12-07 15:43:51',NULL,0,NULL,NULL,NULL,NULL,NULL,NULL,NULL,NULL,NULL,NULL,NULL),(20,NULL,NULL,NULL,NULL,1,20,1,NULL,'2016-12-07 15:45:21',NULL,0,NULL,NULL,NULL,NULL,NULL,NULL,NULL,NULL,NULL,NULL,NULL),(21,NULL,NULL,NULL,NULL,1,21,1,NULL,'2016-12-07 15:46:34',NULL,0,NULL,NULL,NULL,NULL,NULL,NULL,NULL,NULL,NULL,NULL,NULL),(22,NULL,NULL,NULL,NULL,1,22,1,NULL,'2016-12-07 15:48:44',NULL,0,NULL,NULL,NULL,NULL,NULL,NULL,NULL,NULL,NULL,NULL,NULL),(23,NULL,NULL,NULL,NULL,1,23,1,NULL,'2016-12-07 16:05:23',NULL,0,NULL,NULL,NULL,NULL,NULL,NULL,NULL,NULL,NULL,NULL,NULL),(24,NULL,NULL,NULL,NULL,1,24,1,NULL,'2016-12-07 16:22:50',NULL,0,NULL,NULL,NULL,NULL,NULL,NULL,NULL,NULL,NULL,NULL,NULL),(25,NULL,NULL,NULL,NULL,1,25,1,NULL,'2016-12-07 16:38:25',NULL,0,NULL,NULL,NULL,NULL,NULL,NULL,NULL,NULL,NULL,NULL,NULL),(26,NULL,NULL,NULL,NULL,1,26,1,NULL,'2016-12-07 16:40:11',NULL,0,NULL,NULL,NULL,NULL,NULL,NULL,NULL,NULL,NULL,NULL,NULL),(27,NULL,NULL,NULL,NULL,1,27,1,NULL,'2016-12-07 17:15:19',NULL,0,NULL,NULL,NULL,NULL,NULL,NULL,NULL,NULL,NULL,NULL,NULL),(28,NULL,NULL,NULL,NULL,1,28,1,NULL,'2016-12-07 19:32:34',NULL,0,NULL,NULL,NULL,NULL,NULL,NULL,NULL,NULL,NULL,NULL,NULL),(29,NULL,NULL,NULL,NULL,1,29,1,NULL,'2016-12-07 22:14:16',NULL,0,NULL,NULL,NULL,NULL,NULL,NULL,NULL,NULL,NULL,NULL,NULL),(30,NULL,NULL,NULL,NULL,1,30,1,NULL,'2016-12-07 22:14:16',NULL,0,NULL,NULL,NULL,NULL,NULL,NULL,NULL,NULL,NULL,NULL,NULL),(31,NULL,NULL,NULL,NULL,1,31,1,NULL,'2016-12-07 23:08:05',NULL,0,NULL,NULL,NULL,NULL,NULL,NULL,NULL,NULL,NULL,NULL,NULL),(32,NULL,NULL,NULL,NULL,1,32,1,NULL,'2016-12-08 07:24:04',NULL,0,NULL,NULL,NULL,NULL,NULL,NULL,NULL,NULL,NULL,NULL,NULL),(33,NULL,NULL,NULL,NULL,1,37,1,NULL,'2016-12-08 07:23:59',NULL,0,NULL,NULL,NULL,NULL,NULL,NULL,NULL,NULL,NULL,NULL,NULL),(34,NULL,NULL,NULL,NULL,1,35,1,NULL,'2016-12-08 07:24:04',NULL,0,NULL,NULL,NULL,NULL,NULL,NULL,NULL,NULL,NULL,NULL,NULL),(35,NULL,NULL,NULL,NULL,1,34,1,NULL,'2016-12-08 07:24:03',NULL,0,NULL,NULL,NULL,NULL,NULL,NULL,NULL,NULL,NULL,NULL,NULL),(36,NULL,NULL,NULL,NULL,1,33,1,NULL,'2016-12-08 07:23:59',NULL,0,NULL,NULL,NULL,NULL,NULL,NULL,NULL,NULL,NULL,NULL,NULL),(37,NULL,NULL,NULL,NULL,1,36,1,NULL,'2016-12-08 07:24:08',NULL,0,NULL,NULL,NULL,NULL,NULL,NULL,NULL,NULL,NULL,NULL,NULL),(38,NULL,NULL,NULL,NULL,1,38,1,NULL,'2016-12-08 07:29:43',NULL,0,NULL,NULL,NULL,NULL,NULL,NULL,NULL,NULL,NULL,NULL,NULL),(39,NULL,NULL,NULL,NULL,1,39,1,NULL,'2016-12-08 08:57:18',NULL,0,NULL,NULL,NULL,NULL,NULL,NULL,NULL,NULL,NULL,NULL,NULL),(40,NULL,NULL,NULL,NULL,1,40,1,NULL,'2016-12-08 09:43:20',NULL,0,NULL,NULL,NULL,NULL,NULL,NULL,NULL,NULL,NULL,NULL,NULL),(41,NULL,NULL,NULL,NULL,1,42,1,NULL,'2016-12-08 11:06:26',NULL,0,NULL,NULL,NULL,NULL,NULL,NULL,NULL,NULL,NULL,NULL,NULL),(42,NULL,NULL,NULL,NULL,1,41,1,NULL,'2016-12-08 11:06:25',NULL,0,NULL,NULL,NULL,NULL,NULL,NULL,NULL,NULL,NULL,NULL,NULL),(43,NULL,NULL,NULL,NULL,1,43,1,NULL,'2016-12-08 11:06:25',NULL,0,NULL,NULL,NULL,NULL,NULL,NULL,NULL,NULL,NULL,NULL,NULL),(44,NULL,NULL,NULL,NULL,1,44,1,NULL,'2016-12-08 13:14:23',NULL,0,NULL,NULL,NULL,NULL,NULL,NULL,NULL,NULL,NULL,NULL,NULL),(45,NULL,NULL,NULL,NULL,1,45,1,NULL,'2016-12-08 13:45:10',NULL,0,NULL,NULL,NULL,NULL,NULL,NULL,NULL,NULL,NULL,NULL,NULL),(46,NULL,NULL,NULL,NULL,1,46,1,NULL,'2016-12-08 15:33:10',NULL,0,NULL,NULL,NULL,NULL,NULL,NULL,NULL,NULL,NULL,NULL,NULL),(47,NULL,NULL,NULL,NULL,1,47,1,NULL,'2016-12-08 16:48:36',NULL,0,NULL,NULL,NULL,NULL,NULL,NULL,NULL,NULL,NULL,NULL,NULL),(48,NULL,NULL,NULL,NULL,1,48,1,NULL,'2016-12-08 18:11:39',NULL,0,NULL,NULL,NULL,NULL,NULL,NULL,NULL,NULL,NULL,NULL,NULL),(49,NULL,NULL,NULL,NULL,1,49,1,NULL,'2016-12-10 23:01:15',NULL,0,NULL,NULL,NULL,NULL,NULL,NULL,NULL,NULL,NULL,NULL,NULL),(50,NULL,NULL,NULL,NULL,1,50,1,NULL,'2016-12-11 11:06:31',NULL,0,NULL,NULL,NULL,NULL,NULL,NULL,NULL,NULL,NULL,NULL,NULL),(51,NULL,NULL,NULL,NULL,1,51,1,NULL,'2016-12-11 11:06:31',NULL,0,NULL,NULL,NULL,NULL,NULL,NULL,NULL,NULL,NULL,NULL,NULL),(52,NULL,NULL,NULL,NULL,1,53,1,NULL,'2016-12-11 15:27:53',NULL,0,NULL,NULL,NULL,NULL,NULL,NULL,NULL,NULL,NULL,NULL,NULL),(53,NULL,NULL,NULL,NULL,1,54,1,NULL,'2016-12-11 15:27:59',NULL,0,NULL,NULL,NULL,NULL,NULL,NULL,NULL,NULL,NULL,NULL,NULL),(54,NULL,NULL,NULL,NULL,1,52,1,NULL,'2016-12-11 15:27:53',NULL,0,NULL,NULL,NULL,NULL,NULL,NULL,NULL,NULL,NULL,NULL,NULL),(55,NULL,NULL,NULL,NULL,4,55,1,NULL,'2016-12-12 08:54:18',NULL,0,NULL,NULL,NULL,NULL,NULL,NULL,NULL,NULL,NULL,NULL,NULL),(56,'JULIAN','SALAS JIMENEZ',NULL,NULL,4,56,1,NULL,'2016-12-12 10:40:41',NULL,0,NULL,NULL,NULL,NULL,NULL,NULL,NULL,NULL,NULL,NULL,NULL),(57,NULL,NULL,NULL,NULL,4,57,1,NULL,'2016-12-12 10:42:50',NULL,0,NULL,NULL,NULL,NULL,NULL,NULL,NULL,NULL,NULL,NULL,NULL),(58,NULL,NULL,NULL,NULL,4,58,1,NULL,'2016-12-12 10:59:43',NULL,0,NULL,NULL,NULL,NULL,NULL,NULL,NULL,NULL,NULL,NULL,NULL),(59,NULL,NULL,NULL,NULL,4,59,1,NULL,'2016-12-12 12:26:57',NULL,0,NULL,NULL,NULL,NULL,NULL,NULL,NULL,NULL,NULL,NULL,NULL),(60,NULL,NULL,NULL,NULL,4,60,1,NULL,'2016-12-12 12:27:56',NULL,0,NULL,NULL,NULL,NULL,NULL,NULL,NULL,NULL,NULL,NULL,NULL),(61,NULL,NULL,NULL,NULL,4,61,1,NULL,'2016-12-12 13:07:36',NULL,0,NULL,NULL,NULL,NULL,NULL,NULL,NULL,NULL,NULL,NULL,NULL),(62,NULL,NULL,NULL,NULL,4,62,1,NULL,'2016-12-12 13:45:09',NULL,0,NULL,NULL,NULL,NULL,NULL,NULL,NULL,NULL,NULL,NULL,NULL),(63,NULL,NULL,NULL,NULL,4,63,1,NULL,'2016-12-12 15:24:03',NULL,0,NULL,NULL,NULL,NULL,NULL,NULL,NULL,NULL,NULL,NULL,NULL),(64,'Kevin ','SANDINO  CHAVARRIA','kev19555@gmal.com','(506)8677-1058',4,64,1,1,'2016-12-12 17:48:59','2017-08-31 18:02:43',0,NULL,NULL,NULL,'(   )    -',NULL,NULL,NULL,NULL,NULL,NULL,NULL),(65,'Dennis Herrera',NULL,'dennis.herrera@outlook.com','(506)(506)88992537',4,65,1,NULL,'2016-12-13 08:37:38',NULL,0,NULL,NULL,NULL,NULL,NULL,NULL,NULL,NULL,NULL,NULL,NULL),(66,'Elizabeth Arrieta González ','Arrieta','earrieta90@gmail.com','(506)83326767',4,66,1,NULL,'2016-12-13 10:33:09',NULL,0,NULL,NULL,NULL,NULL,NULL,NULL,NULL,NULL,NULL,NULL,NULL),(67,NULL,NULL,NULL,NULL,4,67,1,NULL,'2016-12-13 10:42:06',NULL,0,NULL,NULL,NULL,NULL,NULL,NULL,NULL,NULL,NULL,NULL,NULL),(68,NULL,NULL,NULL,NULL,4,68,1,NULL,'2016-12-13 11:07:58',NULL,0,NULL,NULL,NULL,NULL,NULL,NULL,NULL,NULL,NULL,NULL,NULL),(69,NULL,NULL,NULL,NULL,1,69,1,NULL,'2016-12-13 18:57:06',NULL,0,NULL,NULL,NULL,NULL,NULL,NULL,NULL,NULL,NULL,NULL,NULL),(70,NULL,NULL,NULL,NULL,1,70,1,NULL,'2016-12-14 11:02:37',NULL,0,NULL,NULL,NULL,NULL,NULL,NULL,NULL,NULL,NULL,NULL,NULL),(71,'KENNETH PARRA JUAREZ','PARRA JUAREZ','kenneth.parra@hologic.com','(506)85053948',4,71,1,NULL,'2016-12-14 16:56:44',NULL,0,NULL,NULL,NULL,NULL,NULL,NULL,NULL,NULL,NULL,NULL,NULL),(72,'Anthony martinez',NULL,'anthony.martinez@hologic.com','(506)83716189',4,72,1,NULL,'2016-12-15 08:32:34',NULL,0,NULL,NULL,NULL,NULL,NULL,NULL,NULL,NULL,NULL,NULL,NULL),(73,NULL,NULL,NULL,NULL,4,73,1,NULL,'2016-12-15 09:49:50',NULL,0,NULL,NULL,NULL,NULL,NULL,NULL,NULL,NULL,NULL,NULL,NULL),(74,NULL,NULL,NULL,NULL,4,74,1,NULL,'2016-12-19 09:37:10',NULL,0,NULL,NULL,NULL,NULL,NULL,NULL,NULL,NULL,NULL,NULL,NULL),(75,NULL,NULL,NULL,NULL,4,75,1,NULL,'2016-12-19 09:57:14',NULL,0,NULL,NULL,NULL,NULL,NULL,NULL,NULL,NULL,NULL,NULL,NULL),(76,'Lindsay','Ramos','linramosriq@yahoo.es','(506)88367405',4,76,1,NULL,'2016-12-19 10:54:10',NULL,0,NULL,NULL,NULL,NULL,NULL,NULL,NULL,NULL,NULL,NULL,NULL),(77,'ADRIANA MORA GUEVARA','MORA GUEVARA','adriana.mora@hologic.com','(506)88262123',4,77,1,NULL,'2016-12-19 11:16:59',NULL,0,NULL,NULL,NULL,NULL,NULL,NULL,NULL,NULL,NULL,NULL,NULL),(78,NULL,NULL,NULL,NULL,4,78,1,NULL,'2016-12-19 11:26:41',NULL,0,NULL,NULL,NULL,NULL,NULL,NULL,NULL,NULL,NULL,NULL,NULL),(79,'Alvaro Valerio Castro','VALERIO CASTRO','alvaro.valerio@hologic.com','(506)(506)71050614',4,79,1,NULL,'2016-12-19 14:38:49',NULL,0,NULL,NULL,NULL,NULL,NULL,NULL,NULL,NULL,NULL,NULL,NULL),(80,'KERLIN ARAYA MOLINA','ARAYA MOLINA','kerlinarayamolina@hotmail.com','(506)84027786',4,80,1,NULL,'2016-12-20 07:14:59',NULL,0,NULL,NULL,NULL,NULL,NULL,NULL,NULL,NULL,NULL,NULL,NULL),(81,NULL,NULL,NULL,NULL,4,81,1,NULL,'2016-12-20 07:17:16',NULL,0,NULL,NULL,NULL,NULL,NULL,NULL,NULL,NULL,NULL,NULL,NULL),(82,NULL,NULL,NULL,NULL,4,82,1,NULL,'2016-12-20 14:33:27',NULL,0,NULL,NULL,NULL,NULL,NULL,NULL,NULL,NULL,NULL,NULL,NULL),(83,NULL,NULL,NULL,NULL,4,83,1,NULL,'2016-12-20 14:40:34',NULL,0,NULL,NULL,NULL,NULL,NULL,NULL,NULL,NULL,NULL,NULL,NULL),(84,'FERNANDO','MONTOYA JIMENEZ',NULL,NULL,4,84,1,NULL,'2016-12-20 15:16:48',NULL,0,NULL,NULL,NULL,NULL,NULL,NULL,NULL,NULL,NULL,NULL,NULL),(85,NULL,NULL,NULL,NULL,4,85,1,NULL,'2016-12-20 16:09:29',NULL,0,NULL,NULL,NULL,NULL,NULL,NULL,NULL,NULL,NULL,NULL,NULL),(86,'JENNIFER','ARIAS BRENES','tu7costa@gmail.com','(506)88854878',4,86,1,NULL,'2016-12-21 07:29:48',NULL,0,NULL,NULL,NULL,NULL,NULL,NULL,NULL,NULL,NULL,NULL,NULL),(87,'OSCAR','TORRES ARIAS',NULL,NULL,4,87,1,NULL,'2016-12-22 13:39:19',NULL,0,NULL,NULL,NULL,NULL,NULL,NULL,NULL,NULL,NULL,NULL,NULL),(88,'IRENE MARIA','BRENES PORRAS',NULL,NULL,4,88,1,NULL,'2016-12-23 11:17:20',NULL,0,NULL,NULL,NULL,NULL,NULL,NULL,NULL,NULL,NULL,NULL,NULL),(89,'STEVEN JAVIER CAMPOS  CHAVARRIA','CAMPOS  CHAVARRIA','scampos64@gmail.com','(506)84240043',4,89,1,NULL,'2016-12-23 11:17:35',NULL,0,NULL,NULL,NULL,NULL,NULL,NULL,NULL,NULL,NULL,NULL,NULL),(90,'Dayana','Ugalde Viquez',NULL,NULL,4,90,1,NULL,'2016-12-23 11:19:01',NULL,0,NULL,NULL,NULL,NULL,NULL,NULL,NULL,NULL,NULL,NULL,NULL),(91,NULL,NULL,NULL,NULL,1,91,1,NULL,'2016-12-25 11:38:14',NULL,0,NULL,NULL,NULL,NULL,NULL,NULL,NULL,NULL,NULL,NULL,NULL),(92,'FRANCISCO ENRIQUEZ BRIONES','ENRIQUEZ BRIONES','fran_9_5@hotmail.com','(506)86617063',4,92,1,NULL,'2017-01-05 11:13:35',NULL,0,NULL,NULL,NULL,NULL,NULL,NULL,NULL,NULL,NULL,NULL,NULL),(93,NULL,NULL,NULL,NULL,4,93,1,NULL,'2017-01-06 07:31:23',NULL,0,NULL,NULL,NULL,NULL,NULL,NULL,NULL,NULL,NULL,NULL,NULL),(94,NULL,NULL,NULL,NULL,4,94,1,NULL,'2017-01-06 08:25:46',NULL,0,NULL,NULL,NULL,NULL,NULL,NULL,NULL,NULL,NULL,NULL,NULL),(95,NULL,NULL,NULL,NULL,4,95,1,NULL,'2017-01-06 18:48:40',NULL,0,NULL,NULL,NULL,NULL,NULL,NULL,NULL,NULL,NULL,NULL,NULL),(96,'ELIZABETH  MARIA','SEQUEIRA  PIZARRO',NULL,NULL,4,96,1,NULL,'2017-01-07 20:12:58',NULL,0,NULL,NULL,NULL,NULL,NULL,NULL,NULL,NULL,NULL,NULL,NULL),(97,'TATIANA  PATRICIA MADRIGAL  CORDERO ','MADRIGAL  CORDERO','tatimadrigalcor@gmail.com','(506)70362955',4,97,1,NULL,'2017-01-08 21:49:15',NULL,0,NULL,NULL,NULL,NULL,NULL,NULL,NULL,NULL,NULL,NULL,NULL),(98,NULL,NULL,NULL,NULL,4,98,1,NULL,'2017-01-09 19:10:38',NULL,0,NULL,NULL,NULL,NULL,NULL,NULL,NULL,NULL,NULL,NULL,NULL),(99,NULL,NULL,NULL,NULL,4,99,1,NULL,'2017-01-10 15:55:15',NULL,0,NULL,NULL,NULL,NULL,NULL,NULL,NULL,NULL,NULL,NULL,NULL),(100,'Gerardo Carrillo Soto',NULL,'gerardo.carrillo@hologic.com','(506)60091159',4,100,1,NULL,'2017-01-12 08:14:20',NULL,0,NULL,NULL,NULL,NULL,NULL,NULL,NULL,NULL,NULL,NULL,NULL),(101,'MARIA FRANCELLA','MURILLO ARAYA',NULL,NULL,4,101,1,NULL,'2017-01-12 08:31:06',NULL,0,NULL,NULL,NULL,NULL,NULL,NULL,NULL,NULL,NULL,NULL,NULL),(102,NULL,NULL,NULL,NULL,5,102,1,NULL,'2017-01-25 11:56:03',NULL,0,NULL,NULL,NULL,NULL,NULL,NULL,NULL,NULL,NULL,NULL,NULL),(103,NULL,NULL,NULL,NULL,4,103,1,NULL,'2017-02-01 13:52:19',NULL,0,NULL,NULL,NULL,NULL,NULL,NULL,NULL,NULL,NULL,NULL,NULL),(104,NULL,NULL,NULL,NULL,4,104,1,NULL,'2017-02-14 19:37:51',NULL,0,NULL,NULL,NULL,NULL,NULL,NULL,NULL,NULL,NULL,NULL,NULL),(105,NULL,NULL,NULL,NULL,1,105,1,NULL,'2017-02-26 20:05:48',NULL,0,NULL,NULL,NULL,NULL,NULL,NULL,NULL,NULL,NULL,NULL,NULL),(106,'Luis ','Chaves Vasquez','luis.chaves@hologic.com','(506)8522-5480',4,106,1,1,'2017-02-27 12:31:10','2017-08-07 16:25:37',0,NULL,NULL,NULL,'(   )    -',NULL,NULL,NULL,NULL,NULL,NULL,NULL),(107,NULL,NULL,NULL,NULL,1,107,1,NULL,'2017-03-03 14:58:45',NULL,0,NULL,NULL,NULL,NULL,NULL,NULL,NULL,NULL,NULL,NULL,NULL),(108,NULL,NULL,NULL,NULL,1,108,1,NULL,'2017-03-13 21:44:42',NULL,0,NULL,NULL,NULL,NULL,NULL,NULL,NULL,NULL,NULL,NULL,NULL),(109,'TATIANA','BOLAÑOS RUGAMA',NULL,NULL,4,109,1,NULL,'2017-04-01 22:07:28',NULL,0,NULL,NULL,NULL,NULL,NULL,NULL,NULL,NULL,NULL,NULL,NULL),(110,'Luis Andres corra\'es',NULL,'andrescorls@gmail.com','(506)63356629',4,110,1,NULL,'2017-04-27 20:44:37',NULL,0,NULL,NULL,NULL,NULL,NULL,NULL,NULL,NULL,NULL,NULL,NULL),(111,NULL,NULL,NULL,NULL,4,111,1,NULL,'2017-05-04 20:01:24',NULL,0,NULL,NULL,NULL,NULL,NULL,NULL,NULL,NULL,NULL,NULL,NULL),(112,NULL,NULL,NULL,NULL,4,112,1,NULL,'2017-05-05 15:32:30',NULL,0,NULL,NULL,NULL,NULL,NULL,NULL,NULL,NULL,NULL,NULL,NULL),(113,NULL,NULL,NULL,NULL,4,113,1,NULL,'2017-05-08 06:55:03',NULL,0,NULL,NULL,NULL,NULL,NULL,NULL,NULL,NULL,NULL,NULL,NULL),(114,'Juan Perez ','Soto','micorreo@email.com','(506)45454545',4,114,1,NULL,'2017-05-08 09:17:53',NULL,0,NULL,NULL,NULL,NULL,NULL,NULL,NULL,NULL,NULL,NULL,NULL),(115,NULL,NULL,NULL,NULL,4,115,1,NULL,'2017-05-08 11:34:36',NULL,0,NULL,NULL,NULL,NULL,NULL,NULL,NULL,NULL,NULL,NULL,NULL),(116,'LAURA SEVILLA ESPINOZA ','SEVILLA ESPINOZA','lauid.44@hotmail.com','(506)60499093',4,116,1,NULL,'2017-05-08 11:36:07',NULL,0,NULL,NULL,NULL,NULL,NULL,NULL,NULL,NULL,NULL,NULL,NULL),(117,'Rodrigo Zúñiga ',NULL,'rzc18@hotmail.com',NULL,4,117,1,NULL,'2017-05-08 12:38:26',NULL,0,NULL,NULL,NULL,NULL,NULL,NULL,NULL,NULL,NULL,NULL,NULL),(118,NULL,NULL,NULL,NULL,4,118,1,NULL,'2017-05-08 12:40:26',NULL,0,NULL,NULL,NULL,NULL,NULL,NULL,NULL,NULL,NULL,NULL,NULL),(119,'SANDY PAOLA MENA ARROYO','MENA ARROYO','sandy.mena@hologic.com','(506)87935316',4,119,1,NULL,'2017-05-08 12:41:40',NULL,0,NULL,NULL,NULL,NULL,NULL,NULL,NULL,NULL,NULL,NULL,NULL),(120,'JOSE DAVID','ARAYA ALFARO',NULL,NULL,4,120,1,NULL,'2017-05-08 12:42:13',NULL,0,NULL,NULL,NULL,NULL,NULL,NULL,NULL,NULL,NULL,NULL,NULL),(121,NULL,NULL,NULL,NULL,4,121,1,NULL,'2017-05-08 12:44:35',NULL,0,NULL,NULL,NULL,NULL,NULL,NULL,NULL,NULL,NULL,NULL,NULL),(122,NULL,NULL,NULL,NULL,4,122,1,NULL,'2017-05-08 13:01:13',NULL,0,NULL,NULL,NULL,NULL,NULL,NULL,NULL,NULL,NULL,NULL,NULL),(123,'Jairo Jesús Salas Hernández','Salas Hernández','chafffy@gmail.com',NULL,4,123,1,NULL,'2017-05-08 13:04:34',NULL,0,NULL,NULL,NULL,NULL,NULL,NULL,NULL,NULL,NULL,NULL,NULL),(124,NULL,NULL,NULL,NULL,4,124,1,NULL,'2017-05-08 13:16:40',NULL,0,NULL,NULL,NULL,NULL,NULL,NULL,NULL,NULL,NULL,NULL,NULL),(125,NULL,NULL,NULL,NULL,4,125,1,NULL,'2017-05-08 14:41:17',NULL,0,NULL,NULL,NULL,NULL,NULL,NULL,NULL,NULL,NULL,NULL,NULL),(126,NULL,NULL,NULL,NULL,4,126,1,NULL,'2017-05-08 14:43:17',NULL,0,NULL,NULL,NULL,NULL,NULL,NULL,NULL,NULL,NULL,NULL,NULL),(127,'María Elena Delgado Alvarado',NULL,'elenadelgado260@gmail.com','(506)(506)60425107',4,127,1,NULL,'2017-05-08 14:54:22',NULL,0,NULL,NULL,NULL,NULL,NULL,NULL,NULL,NULL,NULL,NULL,NULL),(128,NULL,NULL,NULL,NULL,4,128,1,NULL,'2017-05-08 14:58:31',NULL,0,NULL,NULL,NULL,NULL,NULL,NULL,NULL,NULL,NULL,NULL,NULL),(129,'DANY MONTERO TREJOS','MONTERO TREJOS','danimontre@hotmail.com','(506)70194476',4,129,1,NULL,'2017-05-08 15:00:18',NULL,0,NULL,NULL,NULL,NULL,NULL,NULL,NULL,NULL,NULL,NULL,NULL),(130,'JOSE ALBERTO','ROJAS MURILLO','www.joserojas@hotmail.es','(506)8330-8764',4,130,1,1,'2017-05-08 15:17:52','2017-05-19 15:20:28',0,NULL,NULL,NULL,'(   )    -',NULL,NULL,NULL,NULL,NULL,NULL,NULL),(131,NULL,NULL,NULL,NULL,4,131,1,NULL,'2017-05-08 15:46:14',NULL,0,NULL,NULL,NULL,NULL,NULL,NULL,NULL,NULL,NULL,NULL,NULL),(132,'HARLIN LOPEZ GARCIA','LOPEZ GARCIA','harlin.2012.12@hotmail.com',NULL,4,132,1,NULL,'2017-05-08 16:12:54',NULL,0,NULL,NULL,NULL,NULL,NULL,NULL,NULL,NULL,NULL,NULL,NULL),(133,'GIANNINA YANNARELLA BRENES','YANNARELLA BRENES','ninayb89@gmail.com',NULL,4,133,1,NULL,'2017-05-08 17:58:32',NULL,0,NULL,NULL,NULL,NULL,NULL,NULL,NULL,NULL,NULL,NULL,NULL),(134,'Eugenia Alvarado Gutierrez ',NULL,'eugalvaguti@hotmai.com',NULL,4,134,1,NULL,'2017-05-08 18:21:10',NULL,0,NULL,NULL,NULL,NULL,NULL,NULL,NULL,NULL,NULL,NULL,NULL),(135,'KATHLEEN','DURAN ACUÑA',NULL,NULL,4,135,1,NULL,'2017-05-08 19:14:58',NULL,0,NULL,NULL,NULL,NULL,NULL,NULL,NULL,NULL,NULL,NULL,NULL),(136,'Edgar Carvajal ',NULL,'edgar.0786@hotmail.com','(506)83394363',4,136,1,NULL,'2017-05-08 19:41:09',NULL,0,NULL,NULL,NULL,NULL,NULL,NULL,NULL,NULL,NULL,NULL,NULL),(137,NULL,NULL,NULL,NULL,4,137,1,NULL,'2017-05-09 05:49:43',NULL,0,NULL,NULL,NULL,NULL,NULL,NULL,NULL,NULL,NULL,NULL,NULL),(138,NULL,NULL,NULL,NULL,4,138,1,NULL,'2017-05-09 11:10:21',NULL,0,NULL,NULL,NULL,NULL,NULL,NULL,NULL,NULL,NULL,NULL,NULL),(139,NULL,NULL,NULL,NULL,4,139,1,NULL,'2017-05-09 11:16:12',NULL,0,NULL,NULL,NULL,NULL,NULL,NULL,NULL,NULL,NULL,NULL,NULL),(140,'Douglas ','Sanchez Solis','kayadoug@hotmail.com','(506)8851-4524',4,140,1,1,'2017-05-09 11:37:22','2017-08-31 18:01:10',0,NULL,NULL,NULL,'(   )    -',NULL,NULL,NULL,NULL,NULL,NULL,NULL),(141,NULL,NULL,NULL,NULL,4,141,1,NULL,'2017-05-09 16:08:51',NULL,0,NULL,NULL,NULL,NULL,NULL,NULL,NULL,NULL,NULL,NULL,NULL),(142,NULL,NULL,NULL,NULL,4,142,1,NULL,'2017-05-09 16:14:31',NULL,0,NULL,NULL,NULL,NULL,NULL,NULL,NULL,NULL,NULL,NULL,NULL),(143,NULL,NULL,NULL,NULL,4,143,1,NULL,'2017-05-09 17:28:39',NULL,0,NULL,NULL,NULL,NULL,NULL,NULL,NULL,NULL,NULL,NULL,NULL),(144,NULL,NULL,NULL,NULL,4,144,1,NULL,'2017-05-09 18:03:17',NULL,0,NULL,NULL,NULL,NULL,NULL,NULL,NULL,NULL,NULL,NULL,NULL),(145,'VERÓNICA ALFARO VEGA ',NULL,'veroalfaro267@gmail.com',NULL,4,145,1,NULL,'2017-05-09 19:27:16',NULL,0,NULL,NULL,NULL,NULL,NULL,NULL,NULL,NULL,NULL,NULL,NULL),(146,'Andrey Fuentes ',NULL,'anfuentes.1705@gmail.com',NULL,4,146,1,NULL,'2017-05-10 04:38:09',NULL,0,NULL,NULL,NULL,NULL,NULL,NULL,NULL,NULL,NULL,NULL,NULL),(147,NULL,NULL,'daniarayap@hotmail.com',NULL,4,147,1,NULL,'2017-05-10 10:19:56',NULL,0,NULL,NULL,NULL,NULL,NULL,NULL,NULL,NULL,NULL,NULL,NULL),(148,NULL,NULL,NULL,NULL,4,148,1,NULL,'2017-05-10 11:55:33',NULL,0,NULL,NULL,NULL,NULL,NULL,NULL,NULL,NULL,NULL,NULL,NULL),(149,NULL,NULL,NULL,NULL,4,149,1,NULL,'2017-05-10 15:12:55',NULL,0,NULL,NULL,NULL,NULL,NULL,NULL,NULL,NULL,NULL,NULL,NULL),(150,'Luis Quesada','QUESADA ROJAS','luis.quesada@hologic.com','(506)(506)88221178',4,150,1,NULL,'2017-05-10 15:20:13',NULL,0,NULL,NULL,NULL,NULL,NULL,NULL,NULL,NULL,NULL,NULL,NULL),(151,'Estefania Castro','CASTRO RIVAS','estefania.castro@hologic.com','(506)88428872',4,151,1,NULL,'2017-05-10 15:54:52',NULL,0,NULL,NULL,NULL,NULL,NULL,NULL,NULL,NULL,NULL,NULL,NULL),(152,'VERNY MAYORGA PANIAGUA','MAYORGA PANIAGUA','verny.mayorga@hotmail.es',NULL,4,152,1,NULL,'2017-05-10 16:19:25',NULL,0,NULL,NULL,NULL,NULL,NULL,NULL,NULL,NULL,NULL,NULL,NULL),(153,'victor','romero ','vicycyn@hotmail.com','(506)(   )8338-1430',4,153,1,1,'2017-05-10 17:50:09','2017-08-06 16:06:06',0,NULL,NULL,NULL,'(   )8338-1430',NULL,NULL,NULL,NULL,NULL,NULL,NULL),(154,NULL,NULL,NULL,NULL,4,154,1,NULL,'2017-05-11 06:13:01',NULL,0,NULL,NULL,NULL,NULL,NULL,NULL,NULL,NULL,NULL,NULL,NULL),(155,NULL,NULL,NULL,NULL,4,155,1,NULL,'2017-05-11 14:45:45',NULL,0,NULL,NULL,NULL,NULL,NULL,NULL,NULL,NULL,NULL,NULL,NULL),(156,NULL,NULL,NULL,NULL,4,156,1,NULL,'2017-05-11 16:26:49',NULL,0,NULL,NULL,NULL,NULL,NULL,NULL,NULL,NULL,NULL,NULL,NULL),(157,'Douglas Molina',NULL,'molinadouglasj@hotmail.com','(506)72821803',4,157,1,NULL,'2017-05-11 17:32:01',NULL,0,NULL,NULL,NULL,NULL,NULL,NULL,NULL,NULL,NULL,NULL,NULL),(158,'CINDY MARIA MORA QUIROS','MORA QUIROS','cinoly242@hotmail.com',NULL,4,158,1,NULL,'2017-05-12 21:20:18',NULL,0,NULL,NULL,NULL,NULL,NULL,NULL,NULL,NULL,NULL,NULL,NULL),(159,'DAYKEL STEWART MONGE  ARAYA','MONGE  ARAYA','mongearayadaykel@yahoo.es','(506)6208-0249',4,159,1,1,'2017-05-14 16:04:08','2017-05-19 15:20:54',0,NULL,NULL,NULL,'(   )    -',NULL,NULL,NULL,NULL,NULL,NULL,NULL),(160,'Kevin Antonio arana Rojas ','ARANA ROJAS','Kvn_1234@hotmail.com','(506)87606769',4,160,1,1,'2017-05-15 20:15:50','2017-05-19 15:23:31',0,NULL,NULL,NULL,'(   )    -',NULL,NULL,NULL,NULL,NULL,NULL,NULL),(161,'MARILYN DIAZ DELGADO','DIAZ DELGADO','marilyndd25@gmail.com',NULL,4,161,1,NULL,'2017-05-16 18:18:42',NULL,0,NULL,NULL,NULL,NULL,NULL,NULL,NULL,NULL,NULL,NULL,NULL),(162,'MAIKOL ROBERTO RAMIREZ ESQUIVEL','RAMIREZ ESQUIVEL','maikol.ramirez@hologic.com','(506)87848429',4,162,1,NULL,'2017-05-16 22:59:16',NULL,0,NULL,NULL,NULL,NULL,NULL,NULL,NULL,NULL,NULL,NULL,NULL),(163,'vanessa mora','MORA PALACIOS','vanessamora507@gmail.com','(506)60049244',4,163,1,NULL,'2017-05-17 11:56:50',NULL,0,NULL,NULL,NULL,NULL,NULL,NULL,NULL,NULL,NULL,NULL,NULL),(164,'Andrey Oviedo','OVIEDO MENDEZ','aoviedo6@gmail.com','(506)83232651',4,164,1,NULL,'2017-05-18 23:26:52',NULL,0,NULL,NULL,NULL,NULL,NULL,NULL,NULL,NULL,NULL,NULL,NULL),(165,'ELIECER SIBAJA ROJAS ','SIBAJA ROJAS','itosr94@hotmail.com','(506)61554158',4,165,1,NULL,'2017-05-19 11:25:39',NULL,0,NULL,NULL,NULL,NULL,NULL,NULL,NULL,NULL,NULL,NULL,NULL),(166,'NOEMI AGUERO  BARRIOS','AGUERO  BARRIOS ','noemi0993@gmail.com','(506)89497293',4,166,1,NULL,'2017-05-20 13:29:25',NULL,0,NULL,NULL,NULL,NULL,NULL,NULL,NULL,NULL,NULL,NULL,NULL),(167,'JAINER RENE RIVERA GONZALEZ ','RIVERA GONZALEZ','janier.rivera9216@gmail.com',NULL,4,167,1,NULL,'2017-05-21 17:53:50',NULL,0,NULL,NULL,NULL,NULL,NULL,NULL,NULL,NULL,NULL,NULL,NULL),(168,'ANA TEST','PRUEBA PRUEBA','dummy@dummy.com','(506)00000000',7,168,1,NULL,'2017-05-23 06:37:09',NULL,0,NULL,NULL,NULL,NULL,NULL,NULL,NULL,NULL,NULL,NULL,NULL),(169,'-','REVOLLO CAMPOS','sinasignar@asoseam.com','(506)00000000',7,169,1,NULL,'2017-05-23 06:41:35',NULL,0,NULL,NULL,NULL,NULL,NULL,NULL,NULL,NULL,NULL,NULL,NULL),(170,'SAIDA MARIA RETANA VILLALOBOS ','RETANA VILLALOBOS','sairetanav@gmail.com','(506)71844162',4,170,1,NULL,'2017-05-24 18:46:53',NULL,0,NULL,NULL,NULL,NULL,NULL,NULL,NULL,NULL,NULL,NULL,NULL),(171,'Marcela Rojas Alfaro','ROJAS ALFARO','rojasam@ucimed.com','(506)89097555',7,171,1,NULL,'2017-05-25 10:18:00',NULL,0,NULL,NULL,NULL,NULL,NULL,NULL,NULL,NULL,NULL,NULL,NULL),(172,'MAUREEN MAYELA ARIAS MOLINA','ARIAS MOLINA','mauam.25@gmail.com','(506)85406932',4,172,1,NULL,'2017-05-27 11:02:05',NULL,0,NULL,NULL,NULL,NULL,NULL,NULL,NULL,NULL,NULL,NULL,NULL),(173,'HENRY  MANUEL CRUZ MARTINEZ','CRUZ MARTINEZ','tatucm121@gmail.com',NULL,4,173,1,NULL,'2017-05-29 16:18:01',NULL,0,NULL,NULL,NULL,NULL,NULL,NULL,NULL,NULL,NULL,NULL,NULL),(174,'FRANKLIN  JOSE NARANJO CAMBRONERO','NARANJO CAMBRONERO ','frannc_93@hotmail.com','(506)61594892',4,174,1,NULL,'2017-05-30 20:17:02',NULL,0,NULL,NULL,NULL,NULL,NULL,NULL,NULL,NULL,NULL,NULL,NULL),(175,'JESUS  ANTONIO LEON  ARROYO ','LEON  ARROYO ','jesusleonarroyo17@gmail.com','(506)84447505',4,175,1,NULL,'2017-05-30 23:02:25',NULL,0,NULL,NULL,NULL,NULL,NULL,NULL,NULL,NULL,NULL,NULL,NULL),(176,'KAREN ','HERRA ESCOBAR',NULL,NULL,7,176,1,NULL,'2017-05-31 12:38:40',NULL,0,NULL,NULL,NULL,NULL,NULL,NULL,NULL,NULL,NULL,NULL,NULL),(177,'HAROLD ACOSTA VILLALOBOS','ACOSTA VILLALOBOS','harold.acosta@hologic.com',NULL,4,177,1,NULL,'2017-05-31 14:46:01',NULL,0,NULL,NULL,NULL,NULL,NULL,NULL,NULL,NULL,NULL,NULL,NULL),(178,'JOSE DANIEL ARCE ARAYA','ARCE ARAYA','jose.arce@hologic.com','(506)88127090',4,178,1,NULL,'2017-05-31 19:04:25',NULL,0,NULL,NULL,NULL,NULL,NULL,NULL,NULL,NULL,NULL,NULL,NULL),(179,'MARIELA ','SOLANO OROZCO',NULL,NULL,4,179,1,NULL,'2017-06-02 11:38:55',NULL,0,NULL,NULL,NULL,NULL,NULL,NULL,NULL,NULL,NULL,NULL,NULL),(180,'Vilma Rojas Garbanzo','ROJAS GARBANZO','rojasgv@ucimed.com','(506)83852800',7,180,1,NULL,'2017-06-08 08:37:23',NULL,0,NULL,NULL,NULL,NULL,NULL,NULL,NULL,NULL,NULL,NULL,NULL),(181,'Yeison Araya Meléndez ','Araya Melendez','yege1560@outlook.com','(506)72232704',4,181,1,NULL,'2017-06-08 17:51:38',NULL,0,NULL,NULL,NULL,NULL,NULL,NULL,NULL,NULL,NULL,NULL,NULL),(182,'ELADIO SANCHEZ CORTES ','SANCHEZ CORTES','Eladio.Sanchez@hologic.com','(506)84823254',4,182,1,NULL,'2017-06-11 13:24:43',NULL,0,NULL,NULL,NULL,NULL,NULL,NULL,NULL,NULL,NULL,NULL,NULL),(183,'DIANA ALFARO ARIAS','ALFARO ARIAS','diana.alfaro.585@gmail.com','(506)61728996',4,183,1,NULL,'2017-06-13 12:23:49',NULL,0,NULL,NULL,NULL,NULL,NULL,NULL,NULL,NULL,NULL,NULL,NULL),(184,'LAURA MURILLO LOPEZ   ','MURILLO LOPEZ','lauramuriilolopez53@gmail.com','(506)88771664',4,184,1,NULL,'2017-06-15 21:52:42',NULL,0,NULL,NULL,NULL,NULL,NULL,NULL,NULL,NULL,NULL,NULL,NULL),(185,'JORGE EDUARDO CHAVES JIMENEZ','CHAVES JIMENEZ','jchaves04@hotmail.com','(506)72043532',7,185,1,NULL,'2017-06-16 21:40:47',NULL,0,NULL,NULL,NULL,NULL,NULL,NULL,NULL,NULL,NULL,NULL,NULL),(186,'PATRICIA ALFARO  OBANDO','ALFARO  OBANDO ','patricia.alfaro@hologic.com','(506)62249494',4,186,1,NULL,'2017-06-19 13:32:59',NULL,0,NULL,NULL,NULL,NULL,NULL,NULL,NULL,NULL,NULL,NULL,NULL),(187,'YORLENY PORRAS CALVO','PORRAS CALVO','porrascy@ucimed.com','(506)84044644',7,187,1,NULL,'2017-06-21 14:48:18',NULL,0,NULL,NULL,NULL,NULL,NULL,NULL,NULL,NULL,NULL,NULL,NULL),(188,'YOSELIN LOPEZ ARIAS ','LOPEZ ARIAS','josss22792@live.com','(506)86329939',7,188,1,NULL,'2017-06-21 14:49:43',NULL,0,NULL,NULL,NULL,NULL,NULL,NULL,NULL,NULL,NULL,NULL,NULL),(189,'Test','ARAGON  GARCIA','trst@h.com','(506)89653890',4,189,1,NULL,'2017-06-21 15:11:20',NULL,0,NULL,NULL,NULL,NULL,NULL,NULL,NULL,NULL,NULL,NULL,NULL),(190,'ARACELLY CORRALES MESEN ','CORRALES MESEN','chelycorrales91@gmail.com','(506)61857199',7,190,1,NULL,'2017-06-21 18:31:00',NULL,0,NULL,NULL,NULL,NULL,NULL,NULL,NULL,NULL,NULL,NULL,NULL),(191,'JAQUELINE  ','MATARRITA  MADRIGAL ','madirgaljacki@gmail.com','(506)6153-6570',4,191,1,1,'2017-06-21 20:13:23','2017-08-07 09:41:25',0,NULL,NULL,NULL,'(506)6153-6570',NULL,NULL,NULL,NULL,NULL,NULL,NULL),(192,'MARIA EUGENIA CALVO CASTRO','CALVO CASTRO','calvocm@ucimed.com',NULL,7,192,1,NULL,'2017-06-22 09:21:05',NULL,0,NULL,NULL,NULL,NULL,NULL,NULL,NULL,NULL,NULL,NULL,NULL),(193,'LUIS GUILLERMO','BADILLA LOPEZ',NULL,NULL,7,193,1,NULL,'2017-06-22 12:15:27',NULL,0,NULL,NULL,NULL,NULL,NULL,NULL,NULL,NULL,NULL,NULL,NULL),(194,'CARMEN RAMIREZ CHAVARRIA','RAMIREZ CHAVARRIA','caracha2@hotmail.com','(506)83140920',7,194,1,NULL,'2017-06-23 07:24:02',NULL,0,NULL,NULL,NULL,NULL,NULL,NULL,NULL,NULL,NULL,NULL,NULL),(195,'DOUGLAS BARRANTES UMAÑA','BARRANTES UMAÑA','douglasbarrantes@hotmail.com',NULL,7,195,1,NULL,'2017-06-24 06:12:04',NULL,0,NULL,NULL,NULL,NULL,NULL,NULL,NULL,NULL,NULL,NULL,NULL),(196,'BILIDEY ROJAS SERRANO','ROJAS SERRANO','bilidey.rojas@gmail.com','(506)72009570',4,196,1,NULL,'2017-06-26 14:03:51',NULL,0,NULL,NULL,NULL,NULL,NULL,NULL,NULL,NULL,NULL,NULL,NULL),(197,'PRISCILLA ','CHACON VILLALOBOS',NULL,NULL,4,197,1,NULL,'2017-06-27 09:20:49',NULL,0,NULL,NULL,NULL,NULL,NULL,NULL,NULL,NULL,NULL,NULL,NULL),(198,'MAUREEN ALFARO VIQUEZ','ALFARO VIQUEZ','morroalfaro24@gmail.com','(506)88510744',4,198,1,NULL,'2017-06-27 09:23:11',NULL,0,NULL,NULL,NULL,NULL,NULL,NULL,NULL,NULL,NULL,NULL,NULL),(199,'Yefry Vargas Quesada','Vargas Quesada','jeffryvargas10@hotmail.com','(506)61180628',4,199,1,NULL,'2017-06-27 20:46:14',NULL,0,NULL,NULL,NULL,NULL,NULL,NULL,NULL,NULL,NULL,NULL,NULL),(200,'JOSUE ','VIQUEZ ALPIZAR',NULL,NULL,4,200,1,NULL,'2017-06-28 10:51:04',NULL,0,NULL,NULL,NULL,NULL,NULL,NULL,NULL,NULL,NULL,NULL,NULL),(201,'ISABEL MIRANDA JIMENEZ','MIRANDA JIMENEZ','isa25.miranda@gmail.com','(506)22444582',4,201,1,NULL,'2017-06-29 05:13:49',NULL,0,NULL,NULL,NULL,NULL,NULL,NULL,NULL,NULL,NULL,NULL,NULL),(202,'wilfrido matarrita zuñiga','MATARRITA ZUÑIGA','wilfrido.matarrita@hologic.com','(506)71051932',4,202,1,NULL,'2017-06-29 20:59:22',NULL,0,NULL,NULL,NULL,NULL,NULL,NULL,NULL,NULL,NULL,NULL,NULL),(203,'LUIS CARLOS','CAMPOS SEGURA',NULL,NULL,4,203,1,NULL,'2017-06-30 15:56:41',NULL,0,NULL,NULL,NULL,NULL,NULL,NULL,NULL,NULL,NULL,NULL,NULL),(204,'Dunia Murillo Sibaja','MURILLO SIBAJA','dunia.murillo@hologic.com','(506)83244202',4,204,1,NULL,'2017-07-01 08:16:04',NULL,0,NULL,NULL,NULL,NULL,NULL,NULL,NULL,NULL,NULL,NULL,NULL),(205,'NILO ','CARAVACA GARCÉS',NULL,NULL,4,205,1,NULL,'2017-07-01 08:45:01',NULL,0,NULL,NULL,NULL,NULL,NULL,NULL,NULL,NULL,NULL,NULL,NULL),(206,'DAHIANA M QUESADA CHAVES','QUESADA CHAVES','nanaqch@hotmail.com','(506)88047902',7,206,1,NULL,'2017-07-03 07:24:05',NULL,0,NULL,NULL,NULL,NULL,NULL,NULL,NULL,NULL,NULL,NULL,NULL),(207,'KRISSIA MARIA ALFARO RECIO','ALFARO RECIO','kriss.alfaro30@hotmail.com','(506)60218792',7,207,1,NULL,'2017-07-03 07:26:52',NULL,0,NULL,NULL,NULL,NULL,NULL,NULL,NULL,NULL,NULL,NULL,NULL),(208,'ANDRES FELIPE VARGAS RADA ','VARGAS RADA','andrespipe_86@hotmail.com','(506)83156798',7,208,1,NULL,'2017-07-03 11:24:59',NULL,0,NULL,NULL,NULL,NULL,NULL,NULL,NULL,NULL,NULL,NULL,NULL),(209,'RAUL RODRIGUEZ SOTELA','RODRIGUEZ SOTELA','rsotela1967@gmail.com','(506)86267983',7,209,1,NULL,'2017-07-03 11:39:19',NULL,0,NULL,NULL,NULL,NULL,NULL,NULL,NULL,NULL,NULL,NULL,NULL),(210,'GREIVIN AGUERO SOLANO ','AGUERO SOLANO','greivinaguero54@gmail.com','(506)87764261',7,210,1,NULL,'2017-07-03 12:10:16',NULL,0,NULL,NULL,NULL,NULL,NULL,NULL,NULL,NULL,NULL,NULL,NULL),(211,'XINIA MARIA','MORA PORRAS',NULL,NULL,7,211,1,NULL,'2017-07-04 14:20:35',NULL,0,NULL,NULL,NULL,NULL,NULL,NULL,NULL,NULL,NULL,NULL,NULL),(212,'SOFIA ','CARMONA CASCANTE',NULL,NULL,7,212,1,NULL,'2017-07-04 20:28:57',NULL,0,NULL,NULL,NULL,NULL,NULL,NULL,NULL,NULL,NULL,NULL,NULL),(213,'Jose Corrales','CORRALES PACHECO','jose.corrales@hologic.com','(506)83252310',4,213,1,NULL,'2017-07-05 14:08:12',NULL,0,NULL,NULL,NULL,NULL,NULL,NULL,NULL,NULL,NULL,NULL,NULL),(214,'ALVARO ENRIQUE MARTINEZ ZUMBADO','MARTINEZ ZUMBADO','alvmart25@gmail.com','(506)83486075',7,214,1,NULL,'2017-07-06 14:35:29',NULL,0,NULL,NULL,NULL,NULL,NULL,NULL,NULL,NULL,NULL,NULL,NULL),(215,'MARIA DEL CARMEN GARCIA GONZALEZ ','GARCIA GONZALEZ','garciagm@icimed.cr','(506)88841585',7,215,1,NULL,'2017-07-06 15:03:51',NULL,0,NULL,NULL,NULL,NULL,NULL,NULL,NULL,NULL,NULL,NULL,NULL),(216,'JIMMY RAMIREZ MONGE','RAMIREZ MONGE','camotico17@hotmail.com','(506)87504377',7,216,1,NULL,'2017-07-07 05:05:44',NULL,0,NULL,NULL,NULL,NULL,NULL,NULL,NULL,NULL,NULL,NULL,NULL),(217,'OSCAR ','ACUÑA QUESADA',NULL,NULL,4,217,1,NULL,'2017-07-07 11:20:44',NULL,0,NULL,NULL,NULL,NULL,NULL,NULL,NULL,NULL,NULL,NULL,NULL),(218,'RANDALL ALVARADO ELIZONDO','ALVARADO ELIZONDO','randalae@hotmail.com','(506)24383385',4,218,1,NULL,'2017-07-08 04:59:30',NULL,0,NULL,NULL,NULL,NULL,NULL,NULL,NULL,NULL,NULL,NULL,NULL),(219,'FRANCISCO ALEJANDRO BONILLA ALVARADO ','BONILLA ALVARADO','bonillaaf@ucimed.com','(506)(506)86335300',7,219,1,NULL,'2017-07-11 10:38:47',NULL,0,NULL,NULL,NULL,NULL,NULL,NULL,NULL,NULL,NULL,NULL,NULL),(220,'DILAN EDUARDO CHAVARRIA LORIA','CHAVARRIA LORIA','eduardoloria58@gmail.com','(506)72500063',4,220,1,NULL,'2017-07-11 12:35:09',NULL,0,NULL,NULL,NULL,NULL,NULL,NULL,NULL,NULL,NULL,NULL,NULL),(221,'MARCELA VILLALOBOS ULATE ','VILLALOBOS ULATE','dramarcelavillalobosulate@gmail.com','(506)88198574',7,221,1,NULL,'2017-07-11 13:47:05',NULL,0,NULL,NULL,NULL,NULL,NULL,NULL,NULL,NULL,NULL,NULL,NULL),(222,'Emily ','Villegas Camacho',NULL,NULL,4,222,1,NULL,'2017-07-11 16:44:53',NULL,0,NULL,NULL,NULL,NULL,NULL,NULL,NULL,NULL,NULL,NULL,NULL),(223,'WAINER GERARDO','DELGADO ARAYA','tyway_6@hotmail.com','(506)8410-5498',4,223,1,1,'2017-07-11 20:04:18','2017-08-03 14:59:56',0,NULL,NULL,NULL,'(506)8410-5498',NULL,NULL,NULL,NULL,NULL,NULL,NULL),(224,'JUAN CARLOS','ALANIZ ALVAREZ',NULL,NULL,4,224,1,NULL,'2017-07-12 07:11:05',NULL,0,NULL,NULL,NULL,NULL,NULL,NULL,NULL,NULL,NULL,NULL,NULL),(225,'Carlos Andrés','Arias Araya',NULL,NULL,4,225,1,NULL,'2017-07-12 14:33:44',NULL,0,NULL,NULL,NULL,NULL,NULL,NULL,NULL,NULL,NULL,NULL,NULL),(226,'Bryan Soto','Soto Umaña','bryan.soto@hologic.com','(506)71115218',4,226,1,NULL,'2017-07-13 10:45:55',NULL,0,NULL,NULL,NULL,NULL,NULL,NULL,NULL,NULL,NULL,NULL,NULL),(227,'ANDRES ','SOTILLO SABORIO',NULL,NULL,7,227,1,NULL,'2017-07-13 11:01:26',NULL,0,NULL,NULL,NULL,NULL,NULL,NULL,NULL,NULL,NULL,NULL,NULL),(228,'MAUREEN ','MAROTO ROMAN',NULL,NULL,7,228,1,NULL,'2017-07-13 11:14:40',NULL,0,NULL,NULL,NULL,NULL,NULL,NULL,NULL,NULL,NULL,NULL,NULL),(229,'ALEJANDRA MORALES ROJAS','MORALES ROJAS','alemr14@gmail.com','(506)89211762',4,229,1,NULL,'2017-07-13 13:16:23',NULL,0,NULL,NULL,NULL,NULL,NULL,NULL,NULL,NULL,NULL,NULL,NULL),(230,'YERNALD ','PACHECO BRUMLEY',NULL,NULL,7,230,1,NULL,'2017-07-13 15:26:44',NULL,0,NULL,NULL,NULL,NULL,NULL,NULL,NULL,NULL,NULL,NULL,NULL),(231,'Greivin Campos cambronero','CAMPOS CAMBRONERO','greivin.campos@hologic.com','(506)70631776',4,231,1,NULL,'2017-07-13 18:26:03',NULL,0,NULL,NULL,NULL,NULL,NULL,NULL,NULL,NULL,NULL,NULL,NULL),(232,'FERNANDA ','QUESADA AGUILAR',NULL,NULL,7,232,1,NULL,'2017-07-13 21:38:28',NULL,0,NULL,NULL,NULL,NULL,NULL,NULL,NULL,NULL,NULL,NULL,NULL),(233,'NATALIA MARIA FONSECA MALAVASI','FONSECA MALAVASI','natalia.fonseca@hologic.com',NULL,4,233,1,NULL,'2017-07-14 14:59:49',NULL,0,NULL,NULL,NULL,NULL,NULL,NULL,NULL,NULL,NULL,NULL,NULL),(234,'MARIO ','CHACON VARGAS',NULL,NULL,7,234,1,NULL,'2017-07-15 18:55:20',NULL,0,NULL,NULL,NULL,NULL,NULL,NULL,NULL,NULL,NULL,NULL,NULL),(235,'MARIO  ALBERTO MONTERO MENDEZ','MONTERO MENDEZ','mariomontero29@hotmail.com',NULL,4,235,1,NULL,'2017-07-16 19:44:51',NULL,0,NULL,NULL,NULL,NULL,NULL,NULL,NULL,NULL,NULL,NULL,NULL),(236,'JOSE CARLOS','FONSECA RODRIGUEZ',NULL,NULL,7,236,1,NULL,'2017-07-17 15:23:25',NULL,0,NULL,NULL,NULL,NULL,NULL,NULL,NULL,NULL,NULL,NULL,NULL),(237,'KATTIA VANESA UMAÑA ARIAS ','UMAÑA ARIAS','katy_ua_21@hotmail.com','(506)83158864',4,237,1,NULL,'2017-07-17 23:39:50',NULL,0,NULL,NULL,NULL,NULL,NULL,NULL,NULL,NULL,NULL,NULL,NULL),(238,'KAREN MENDEZ ALAS ','MENDEZ ALAS','kmalas26@gmail.com','(506)88161852',7,238,1,NULL,'2017-07-18 05:51:33',NULL,0,NULL,NULL,NULL,NULL,NULL,NULL,NULL,NULL,NULL,NULL,NULL),(239,'EDGAR LOBO AVILA','LOBO AVILA','edgar.lobo@gmail.com','(506)88887494',4,239,1,NULL,'2017-07-18 16:08:25',NULL,0,NULL,NULL,NULL,NULL,NULL,NULL,NULL,NULL,NULL,NULL,NULL),(240,'MARIA DEL ROCIO','ESPINOZA VENEGAS',NULL,NULL,4,240,1,NULL,'2017-07-19 10:55:07',NULL,0,NULL,NULL,NULL,NULL,NULL,NULL,NULL,NULL,NULL,NULL,NULL),(241,'LUIS CARLOS MORALES LEON','MORALES LEON','moralesluisitcr@gmail.com','(506)83282068',4,241,1,NULL,'2017-07-19 18:34:45',NULL,0,NULL,NULL,NULL,NULL,NULL,NULL,NULL,NULL,NULL,NULL,NULL),(242,'ROSA VIRGINIA','ABARCA CHAVES',NULL,NULL,5,242,1,NULL,'2017-07-21 08:26:40',NULL,0,NULL,NULL,NULL,NULL,NULL,NULL,NULL,NULL,NULL,NULL,NULL),(243,'MELISSA ','LOPEZ BRICENO',NULL,NULL,4,243,1,NULL,'2017-07-21 08:33:28',NULL,0,NULL,NULL,NULL,NULL,NULL,NULL,NULL,NULL,NULL,NULL,NULL),(244,'CARLOS GUTIERREZ CORDERO','GUTIERREZ CORDERO','krsgeo@gmail.com','(506)83509331',4,244,1,NULL,'2017-07-21 08:34:30',NULL,0,NULL,NULL,NULL,NULL,NULL,NULL,NULL,NULL,NULL,NULL,NULL),(245,'NOILYN G CARRILLO DURAN','CARRILLO DURAN','noilyncdn@gmail.com','(506)85772699',4,245,1,NULL,'2017-07-22 07:54:26',NULL,0,NULL,NULL,NULL,NULL,NULL,NULL,NULL,NULL,NULL,NULL,NULL),(246,'MARIA FERNANDA','CORTES CABALLERO',NULL,NULL,4,246,1,NULL,'2017-07-24 18:23:21',NULL,0,NULL,NULL,NULL,NULL,NULL,NULL,NULL,NULL,NULL,NULL,NULL),(247,'YERLYN ROMERO GOMEZ','ROMERO GOMEZ','romerogy@gmail.com','(506)88574962',7,247,1,NULL,'2017-07-25 20:36:54',NULL,0,NULL,NULL,NULL,NULL,NULL,NULL,NULL,NULL,NULL,NULL,NULL),(248,'ALLAN JESUS PEREZ RODRIGUEZ','PEREZ RODRIGUEZ','pereezallan@gmail.com','(506)83308867',7,248,1,NULL,'2017-07-25 21:35:17',NULL,0,NULL,NULL,NULL,NULL,NULL,NULL,NULL,NULL,NULL,NULL,NULL),(249,'KEITE ','SALAZAR MORA',NULL,NULL,7,249,1,NULL,'2017-07-26 09:45:27',NULL,0,NULL,NULL,NULL,NULL,NULL,NULL,NULL,NULL,NULL,NULL,NULL),(250,'MARIA ISABEL','HERRERA MATAMOROS',NULL,NULL,7,250,1,NULL,'2017-07-26 10:30:58',NULL,0,NULL,NULL,NULL,NULL,NULL,NULL,NULL,NULL,NULL,NULL,NULL),(251,'KERLYN YILANIA PEREZ VENEGAS','PEREZ VENEGAS','kerlynperezv@hotmail.com','(506)60093920',4,251,1,NULL,'2017-07-26 19:18:26',NULL,0,NULL,NULL,NULL,NULL,NULL,NULL,NULL,NULL,NULL,NULL,NULL),(252,'JORGE MISAEL GRANADOS GUZMAN','GRANADOS GUZMAN','jorgegranaguzman@hotmail.com','(506)86569438',4,252,1,NULL,'2017-07-26 19:26:40',NULL,0,NULL,NULL,NULL,NULL,NULL,NULL,NULL,NULL,NULL,NULL,NULL),(253,'MILENY PALMA ZUÑIGA','PALMA ZUÑIGA','palmazm@ucimed.com','(506)71123230',7,253,1,NULL,'2017-07-27 09:28:46',NULL,0,NULL,NULL,NULL,NULL,NULL,NULL,NULL,NULL,NULL,NULL,NULL),(254,'SYLVIA ALFARO GURROLA','ALFARO GURROLA','vochito20@hotmail.com','(506)83586927',7,254,1,NULL,'2017-07-27 22:09:02',NULL,0,NULL,NULL,NULL,NULL,NULL,NULL,NULL,NULL,NULL,NULL,NULL),(255,'KIMBERLY ','LIZANO DELGADO',NULL,NULL,7,255,1,NULL,'2017-08-01 08:49:23',NULL,0,NULL,NULL,NULL,NULL,NULL,NULL,NULL,NULL,NULL,NULL,NULL),(256,'FREDDY TEISON MOLINA VALENCIA','MOLINA VALENCIA','jeimol0432@gmail.com','(506)70171310',5,256,1,NULL,'2017-08-01 13:34:04',NULL,0,NULL,NULL,NULL,NULL,NULL,NULL,NULL,NULL,NULL,NULL,NULL),(257,'AGUSTIN ARTAVIA RODRIGUEZ','ARTAVIA RODRIGUEZ','artaviacr@aol.com','(506)70844787',5,257,1,NULL,'2017-08-01 15:31:11',NULL,0,NULL,NULL,NULL,NULL,NULL,NULL,NULL,NULL,NULL,NULL,NULL),(258,'RAQUEL SALGADO HERRERA','SALGADO HERRERA','salgadohr@incisa.cr','(506)61954556',7,258,1,NULL,'2017-08-01 16:22:08',NULL,0,NULL,NULL,NULL,NULL,NULL,NULL,NULL,NULL,NULL,NULL,NULL),(259,'MARIANA ','ARAYA SANDOVAL',NULL,NULL,4,259,1,NULL,'2017-08-02 21:33:38',NULL,0,NULL,NULL,NULL,NULL,NULL,NULL,NULL,NULL,NULL,NULL,NULL),(260,'MARIA JOSE HERRERA QUESADA ','HERRERA QUESADA','maria.herrera@hologic.com','(506)83642881',4,260,1,NULL,'2017-08-03 16:01:02',NULL,0,NULL,NULL,NULL,NULL,NULL,NULL,NULL,NULL,NULL,NULL,NULL),(261,'Alejandro Acuña Espinoza ','Acuña Espinoza','ale3esp@gmail.com',NULL,4,261,1,NULL,'2017-08-07 10:57:56',NULL,0,NULL,NULL,NULL,NULL,NULL,NULL,NULL,NULL,NULL,NULL,NULL),(262,'LUIS  ENRIQUE GOMEZ ALVARADO','GOMEZ ALVARADO ','alvaradogomez02@gmail.com','(506)64585762',4,262,1,NULL,'2017-08-08 08:13:14',NULL,0,NULL,NULL,NULL,NULL,NULL,NULL,NULL,NULL,NULL,NULL,NULL),(263,'Luis Fernando Picado','PICADO MORA','Info@asecnar.com','(506)84025471',5,263,1,NULL,'2017-08-09 12:44:16',NULL,0,NULL,NULL,NULL,NULL,NULL,NULL,NULL,NULL,NULL,NULL,NULL),(264,'ALEXANDER  ANTONIO SANCHEZ PACHECO','SANCHEZ PACHECO ','alexander.sanchez@hologic.com','(506)88060818',4,264,1,NULL,'2017-08-09 22:23:53',NULL,0,NULL,NULL,NULL,NULL,NULL,NULL,NULL,NULL,NULL,NULL,NULL),(265,'KRISTA QUESADA FALLAS','QUESADA FALLAS','kristabubbaloo01@gmail.com','(506)88520292',4,265,1,NULL,'2017-08-10 12:23:24',NULL,0,NULL,NULL,NULL,NULL,NULL,NULL,NULL,NULL,NULL,NULL,NULL),(266,'KASYAN ARIEL SERRANO SUTHERLUND ','SERRANO SUTHERLUND','keykar201114@gmail.com',NULL,4,266,1,NULL,'2017-08-10 16:59:34',NULL,0,NULL,NULL,NULL,NULL,NULL,NULL,NULL,NULL,NULL,NULL,NULL),(267,'KATHERINE ESPINOZA ARRIETA ','ESPINOZA ARRIETA ','kate16espinoza@hotmail.com','(506)86565522',4,267,1,NULL,'2017-08-10 17:20:28',NULL,0,NULL,NULL,NULL,NULL,NULL,NULL,NULL,NULL,NULL,NULL,NULL),(268,'LAURA MORA BARRANTES','MORA BARRANTES','laumorab@gmail.com',NULL,7,268,1,NULL,'2017-08-14 10:42:51',NULL,0,NULL,NULL,NULL,NULL,NULL,NULL,NULL,NULL,NULL,NULL,NULL),(269,'MONICA ','ROMERO SOTO',NULL,NULL,7,269,1,NULL,'2017-08-14 10:47:13',NULL,0,NULL,NULL,NULL,NULL,NULL,NULL,NULL,NULL,NULL,NULL,NULL),(270,'SLEITER QUESADA MARIN ','QUESADA MARIN','sleiterquesadamarin@gmail.com','(506)89358558',4,270,1,NULL,'2017-08-14 14:27:42',NULL,0,NULL,NULL,NULL,NULL,NULL,NULL,NULL,NULL,NULL,NULL,NULL),(271,'MARLING NAVARRO HURTADO','NAVARRO HURTADO','marlingnav@gmail.com','(506)83680830',7,271,1,NULL,'2017-08-16 13:49:01',NULL,0,NULL,NULL,NULL,NULL,NULL,NULL,NULL,NULL,NULL,NULL,NULL),(272,'Daniela Fallas ','FALLAS CASCANTE','danielafc@hotmail.es','(506)(506)71225191',7,272,1,NULL,'2017-08-16 13:55:32',NULL,0,NULL,NULL,NULL,NULL,NULL,NULL,NULL,NULL,NULL,NULL,NULL),(273,'Gerardo ','Bonilla Jiménez',NULL,NULL,4,273,1,NULL,'2017-08-17 06:23:53',NULL,0,NULL,NULL,NULL,NULL,NULL,NULL,NULL,NULL,NULL,NULL,NULL),(274,'LEONEL VINICIO HERNANDEZ ZUMBADO','HERNANDEZ ZUMBADO','leonelhzgh@gmail.com','(506)61615915',7,274,1,NULL,'2017-08-18 13:52:42',NULL,0,NULL,NULL,NULL,NULL,NULL,NULL,NULL,NULL,NULL,NULL,NULL),(275,'Shirley Barboza','BARBOZA VILLALOBOS','barbozas770@gmail.com','(506)(506)60447814',4,275,1,NULL,'2017-08-18 14:44:29',NULL,0,NULL,NULL,NULL,NULL,NULL,NULL,NULL,NULL,NULL,NULL,NULL),(276,'JOSUE DAVID','CHAVARRIA CERDAS',NULL,NULL,4,276,1,NULL,'2017-08-22 10:51:50',NULL,0,NULL,NULL,NULL,NULL,NULL,NULL,NULL,NULL,NULL,NULL,NULL),(277,'MARIANO CORDERO SEGURA','CORDERO SEGURA','m.segura10@hotmail.com',NULL,4,277,1,NULL,'2017-08-22 11:26:17',NULL,0,NULL,NULL,NULL,NULL,NULL,NULL,NULL,NULL,NULL,NULL,NULL),(278,'ELIA RAMIREZ RAMIREZ','RAMIREZ RAMIREZ','elia.ramirez@hologic.com','(506)88371030',4,278,1,NULL,'2017-08-22 12:17:02',NULL,0,NULL,NULL,NULL,NULL,NULL,NULL,NULL,NULL,NULL,NULL,NULL),(279,'CARLOS ','ALFARO ZUMBADO',NULL,NULL,4,279,1,NULL,'2017-08-22 12:18:35',NULL,0,NULL,NULL,NULL,NULL,NULL,NULL,NULL,NULL,NULL,NULL,NULL),(280,'FELIPE  ','MUÑOZ ARGUEDAS ',NULL,NULL,4,280,1,NULL,'2017-08-22 12:30:43',NULL,0,NULL,NULL,NULL,NULL,NULL,NULL,NULL,NULL,NULL,NULL,NULL),(281,'JOSE GERARDO','SOLANO LOAIZA',NULL,NULL,4,281,1,NULL,'2017-08-22 12:37:28',NULL,0,NULL,NULL,NULL,NULL,NULL,NULL,NULL,NULL,NULL,NULL,NULL),(282,'SONIA ','CRUZ LEON',NULL,NULL,4,282,1,NULL,'2017-08-22 12:38:41',NULL,0,NULL,NULL,NULL,NULL,NULL,NULL,NULL,NULL,NULL,NULL,NULL),(283,'ISAIAS HERRERA JIMENEZ','HERRERA JIMENEZ','Isaias.herrera@hologic.com','(506)83080425',4,283,1,NULL,'2017-08-22 12:52:12',NULL,0,NULL,NULL,NULL,NULL,NULL,NULL,NULL,NULL,NULL,NULL,NULL),(284,'MARIO ANDRES','ARAYA HIDALGO',NULL,NULL,4,284,1,NULL,'2017-08-22 12:53:46',NULL,0,NULL,NULL,NULL,NULL,NULL,NULL,NULL,NULL,NULL,NULL,NULL),(285,'JEREMY EDGARDO','RUIZ RODRIGUEZ',NULL,NULL,4,285,1,NULL,'2017-08-22 12:57:21',NULL,0,NULL,NULL,NULL,NULL,NULL,NULL,NULL,NULL,NULL,NULL,NULL),(286,'LUIS ENRIQUEZ','RAMIREZ ROJAS',NULL,NULL,4,286,1,NULL,'2017-08-22 12:58:06',NULL,0,NULL,NULL,NULL,NULL,NULL,NULL,NULL,NULL,NULL,NULL,NULL),(287,'YOXAN BARRIONUEVO ROJAS','BARRIONUEVO ROJAS','yoxan.barrionuevo@hologic.com','(506)89819845',4,287,1,NULL,'2017-08-22 13:01:31',NULL,0,NULL,NULL,NULL,NULL,NULL,NULL,NULL,NULL,NULL,NULL,NULL),(288,'FABIAN ARGUELLO CORRALES','ARGUELLO CORRALES','fabian_arg22@hotmail.com',NULL,4,288,1,NULL,'2017-08-22 13:07:02',NULL,0,NULL,NULL,NULL,NULL,NULL,NULL,NULL,NULL,NULL,NULL,NULL),(289,'Anthonny Barrantes','BARRANTES MARIN','Tony.elec_1190@hotmail.com','(506)70138681',4,289,1,NULL,'2017-08-22 13:19:00',NULL,0,NULL,NULL,NULL,NULL,NULL,NULL,NULL,NULL,NULL,NULL,NULL),(290,'ALONSO ARCE GOMEZ','ARCE GOMEZ','alonso.arce@hologic.com','(506)24362749',4,290,1,NULL,'2017-08-22 13:25:36',NULL,0,NULL,NULL,NULL,NULL,NULL,NULL,NULL,NULL,NULL,NULL,NULL),(291,'EISY MAYELA CASTRO VARGAS','CASTRO VARGAS','mayecv1907@gmail.com',NULL,4,291,1,NULL,'2017-08-22 14:25:57',NULL,0,NULL,NULL,NULL,NULL,NULL,NULL,NULL,NULL,NULL,NULL,NULL),(292,'MAYER RAMIREZ VILLALOBOS','RAMIREZ VILLALOBOS ','mayer.rv@hotmail.com','(506)85574262',4,292,1,NULL,'2017-08-22 14:33:43',NULL,0,NULL,NULL,NULL,NULL,NULL,NULL,NULL,NULL,NULL,NULL,NULL),(293,'DAVID SOLORZANO MARTINEZ','SOLORZANO MARTINEZ','jacda37@gmail.com','(506)71344167',7,293,1,NULL,'2017-08-22 15:56:24',NULL,0,NULL,NULL,NULL,NULL,NULL,NULL,NULL,NULL,NULL,NULL,NULL),(294,'WENDY LIZANO GRANADOS ','LIZANO GRANADOS','wen_2708@hotmail.com',NULL,4,294,1,NULL,'2017-08-22 19:37:29',NULL,0,NULL,NULL,NULL,NULL,NULL,NULL,NULL,NULL,NULL,NULL,NULL),(295,'JOSE MARIO','VARGAS ROJAS',NULL,NULL,4,295,1,NULL,'2017-08-23 14:07:57',NULL,0,NULL,NULL,NULL,NULL,NULL,NULL,NULL,NULL,NULL,NULL,NULL),(296,'RUBEN DAVID ASTORGA PEREZ','ASTORGA PEREZ','raspe07@gmail.com','(506)87025760',4,296,1,NULL,'2017-08-23 17:32:21',NULL,0,NULL,NULL,NULL,NULL,NULL,NULL,NULL,NULL,NULL,NULL,NULL),(297,'JULIANA VARELA SALAZAR ','VARELA SALAZAR','yuvasa2402@gmail.com','(506)(506)72780842',4,297,1,NULL,'2017-08-23 18:55:17',NULL,0,NULL,NULL,NULL,NULL,NULL,NULL,NULL,NULL,NULL,NULL,NULL),(298,'JENNIFER MARIA CHAVARRIA CORDERO','CHAVARRIA CORDERO','jenniferchcor@gmail.com','(506)60390002',4,298,1,NULL,'2017-08-24 14:39:40',NULL,0,NULL,NULL,NULL,NULL,NULL,NULL,NULL,NULL,NULL,NULL,NULL),(299,'WAYNER FRANCISCO OVIEDO JIMENEZ','OVIEDO JIMENEZ','w.harriss88@hotmail.com','(506)86308459',4,299,1,NULL,'2017-08-24 23:13:41',NULL,0,NULL,NULL,NULL,NULL,NULL,NULL,NULL,NULL,NULL,NULL,NULL),(300,'YONATHAN SERRANO ORDONEZ','SERRANO ORDONEZ','jserrax7@gmail.com','(506)',4,300,1,NULL,'2017-08-25 19:39:31',NULL,0,NULL,NULL,NULL,NULL,NULL,NULL,NULL,NULL,NULL,NULL,NULL),(301,'DIANA CAROLINA RODRIGUEZ CAMPOS ','RODRIGUEZ CAMPOS',NULL,'(506)(506)61075144',4,301,1,NULL,'2017-08-26 15:00:47',NULL,0,NULL,NULL,NULL,NULL,NULL,NULL,NULL,NULL,NULL,NULL,NULL),(302,'KEYLIN CHAVARRIA GODINEZ','CHAVARRIA GODINEZ','keychgo0306@hotmail.com','(506)85322431',4,302,1,NULL,'2017-08-27 13:45:22',NULL,0,NULL,NULL,NULL,NULL,NULL,NULL,NULL,NULL,NULL,NULL,NULL),(303,'MARIALA DEL MILAGRO ARIAS SOTO','ARIAS SOTO','milarias94@gmail.com','(506)89545337',4,303,1,NULL,'2017-08-27 16:51:28',NULL,0,NULL,NULL,NULL,NULL,NULL,NULL,NULL,NULL,NULL,NULL,NULL),(304,'LUIS ALVARO','ALFARO CHACON',NULL,'(506)',4,304,1,NULL,'2017-08-28 07:49:32',NULL,0,NULL,NULL,NULL,NULL,NULL,NULL,NULL,NULL,NULL,NULL,NULL),(305,'Princess ','Santos No indica',NULL,'(506)',4,305,1,NULL,'2017-08-28 11:36:25',NULL,0,NULL,NULL,NULL,NULL,NULL,NULL,NULL,NULL,NULL,NULL,NULL),(306,'PATRICIA ARIAS CORDOBA','ARIAS CORDOBA','patriarcor1501@nokiamail.com','(506)63278901',4,306,1,NULL,'2017-08-28 17:58:45',NULL,0,NULL,NULL,NULL,NULL,NULL,NULL,NULL,NULL,NULL,NULL,NULL),(307,'Marcela Moreira','MOREIRA RODRIGUEZ ','mmorod@gmail.com','(506)(506)88681479',4,307,1,NULL,'2017-08-30 10:18:47',NULL,0,NULL,NULL,NULL,NULL,NULL,NULL,NULL,NULL,NULL,NULL,NULL),(308,'MARIA DEL CARMEN DELGADO ZUÑIGA ','DELGADO ZUÑIGA','mariadel8927@gmail.com','(506)(506)88050637',7,308,1,NULL,'2017-09-01 13:55:01',NULL,0,NULL,NULL,NULL,NULL,NULL,NULL,NULL,NULL,NULL,NULL,NULL),(309,'JAVIER ANDRES','CESPEDES CHAVERRI',NULL,'(506)',4,309,1,NULL,'2017-09-04 09:05:53',NULL,0,NULL,NULL,NULL,NULL,NULL,NULL,NULL,NULL,NULL,NULL,NULL),(310,'DANIELA VEGA CASTILLO','VEGA CASTILLO','danivega0791@gmail.com','(506)',7,310,1,NULL,'2017-09-05 08:41:02',NULL,0,NULL,NULL,NULL,NULL,NULL,NULL,NULL,NULL,NULL,NULL,NULL),(311,'MARIA ALEJANDRA','VALERIO GARCIA',NULL,'(506)',4,311,1,NULL,'2017-09-05 11:37:04',NULL,0,NULL,NULL,NULL,NULL,NULL,NULL,NULL,NULL,NULL,NULL,NULL),(312,'JULIO ','CHAVES SERRANO',NULL,'(506)',4,312,1,NULL,'2017-09-06 13:24:31',NULL,0,NULL,NULL,NULL,NULL,NULL,NULL,NULL,NULL,NULL,NULL,NULL),(313,'WALTER ANTONIO VELASQUEZ LOPEZ','VELASQUEZ LOPEZ','walter_12_1997@hotmail.com','(506)72085135',4,313,1,NULL,'2017-09-12 14:13:30',NULL,0,NULL,NULL,NULL,NULL,NULL,NULL,NULL,NULL,NULL,NULL,NULL),(314,'MARJORIE CHAVES SEQUEIRA','CHAVES SEQUEIRA','maryuri7801@live.com','(506)61337273',5,314,1,NULL,'2017-09-13 13:10:20',NULL,0,NULL,NULL,NULL,NULL,NULL,NULL,NULL,NULL,319,NULL,NULL),(315,'LAURA ARGENTINA','VALERIO CAMPOS',NULL,'(506)',7,315,1,NULL,'2017-09-13 15:08:57',NULL,0,NULL,NULL,NULL,NULL,NULL,NULL,NULL,NULL,327,NULL,NULL),(316,'DANNY AGUILAR ZUÑIGA','AGUILAR ZUÑIGA','dannyaguilar11@gmail.com','(506)89929568',7,316,1,NULL,'2017-09-14 09:57:49',NULL,0,NULL,NULL,NULL,NULL,NULL,NULL,NULL,NULL,328,NULL,NULL),(317,'FARLANE SAMUEL JONES MC','JONES MC','samueljonesm@gmail.com','(506)83695319',7,317,1,NULL,'2017-09-14 14:16:57',NULL,0,NULL,NULL,NULL,NULL,NULL,NULL,NULL,NULL,329,NULL,NULL),(318,'CELESTE  TATIANA CHAVEZ CORTES','CHAVEZ CORTES','wwwcelestetatiana048@hotmail.com','(506)85702540',4,318,1,NULL,'2017-09-14 14:57:10',NULL,0,NULL,NULL,NULL,NULL,NULL,NULL,NULL,NULL,330,NULL,NULL),(319,'GREIVIN ALBERTO','FUENTES MACHADO',NULL,'(506)',5,319,1,NULL,'2017-09-18 14:54:18',NULL,0,NULL,NULL,NULL,NULL,NULL,NULL,NULL,NULL,331,NULL,NULL),(320,'ANA VICTORIA LEON SOLANO','LEON SOLANO','ana0512@gmail.com','(506)85497299',7,320,1,NULL,'2017-09-19 15:38:18',NULL,0,NULL,NULL,NULL,NULL,NULL,NULL,NULL,NULL,332,NULL,NULL),(321,'ALVARO ','CORONADO MADRIGAL',NULL,'(506)',7,321,1,NULL,'2017-09-21 09:35:37',NULL,0,NULL,NULL,NULL,NULL,NULL,NULL,NULL,NULL,333,NULL,NULL),(322,'q','q','q@correo.com','(111)1111-1111',4,339,1,NULL,'2017-11-09 16:27:46',NULL,0,NULL,NULL,NULL,NULL,NULL,NULL,NULL,NULL,334,NULL,NULL);
/*!40000 ALTER TABLE `personacontacto` ENABLE KEYS */;
UNLOCK TABLES;

--
-- Table structure for table `origenmensaje`
--

DROP TABLE IF EXISTS `origenmensaje`;
/*!40101 SET @saved_cs_client     = @@character_set_client */;
/*!40101 SET character_set_client = utf8 */;
CREATE TABLE `origenmensaje` (
  `idOrigenMensaje` int(11) NOT NULL AUTO_INCREMENT,
  `descripcionOrigen` varchar(50) NOT NULL,
  `rutaImagen` varchar(100) DEFAULT NULL,
  PRIMARY KEY (`idOrigenMensaje`)
) ENGINE=InnoDB AUTO_INCREMENT=9 DEFAULT CHARSET=utf8;
/*!40101 SET character_set_client = @saved_cs_client */;

--
-- Dumping data for table `origenmensaje`
--

LOCK TABLES `origenmensaje` WRITE;
/*!40000 ALTER TABLE `origenmensaje` DISABLE KEYS */;
INSERT INTO `origenmensaje` VALUES (1,'Llamada teléfonica','../../Imagenes/BandejaMensaje/iconos contacto bambu-02.png'),(2,'Facebook','../../Imagenes/BandejaMensaje/iconos contacto bambu-04.png'),(3,'Whatsapp','../../Imagenes/BandejaMensaje/iconos contacto bambu-01.png'),(4,'Cliente visitó la tienda','../../Imagenes/BandejaMensaje/iconos contacto bambu-06.png'),(5,'Por visita a cliente','../../Imagenes/BandejaMensaje/iconos contacto bambu-05.png'),(6,'App móvil','../../Imagenes/BandejaMensaje/iconos contacto bambu-07.png'),(7,'Por correo electrónico','../../Imagenes/BandejaMensaje/iconos contacto bambu-03.png'),(8,'Soporte','../../Imagenes/BandejaMensaje/iconos contacto bambu-01.png');
/*!40000 ALTER TABLE `origenmensaje` ENABLE KEYS */;
UNLOCK TABLES;

--
-- Table structure for table `bandejamensaje`
--

DROP TABLE IF EXISTS `bandejamensaje`;
/*!40101 SET @saved_cs_client     = @@character_set_client */;
/*!40101 SET character_set_client = utf8 */;
CREATE TABLE `bandejamensaje` (
  `idBandejaMensaje` int(11) NOT NULL AUTO_INCREMENT,
  `idUsuarioCreador` int(11) DEFAULT NULL,
  `idUsuarioEncargado` int(11) DEFAULT NULL,
  `codigoChat` varchar(100) NOT NULL,
  `motivoFinalizacion` varchar(100) DEFAULT NULL,
  `fechaCreacion` datetime NOT NULL,
  `fechaModificacion` datetime DEFAULT NULL,
  `procesado` tinyint(1) NOT NULL DEFAULT '0',
  `visto` tinyint(1) NOT NULL DEFAULT '0',
  `favorito` tinyint(1) NOT NULL DEFAULT '0',
  `idOrigen` int(11) DEFAULT NULL,
  `idCliente` int(11) DEFAULT NULL,
  `idEmpresa` int(11) DEFAULT NULL,
  PRIMARY KEY (`idBandejaMensaje`),
  KEY `fkBandejaMensaje_idUsuarioCreador` (`idUsuarioCreador`),
  KEY `fkBandejaMensaje_idUsuarioEncargado` (`idUsuarioEncargado`),
  KEY `fkBandejaMensaje_idCliente` (`idCliente`),
  KEY `fkBandejaMensaje_idOrigen` (`idOrigen`),
  KEY `fkBandejaMensaje_idEmpresa` (`idEmpresa`),
  CONSTRAINT `fkBandejaMensaje_idCliente` FOREIGN KEY (`idCliente`) REFERENCES `personacontacto` (`idPersonaContacto`),
  CONSTRAINT `fkBandejaMensaje_idEmpresa` FOREIGN KEY (`idEmpresa`) REFERENCES `empresa` (`idEmpresa`),
  CONSTRAINT `fkBandejaMensaje_idOrigen` FOREIGN KEY (`idOrigen`) REFERENCES `origenmensaje` (`idOrigenMensaje`),
  CONSTRAINT `fkBandejaMensaje_idUsuarioCreador` FOREIGN KEY (`idUsuarioCreador`) REFERENCES `usuario` (`idUsuario`),
  CONSTRAINT `fkBandejaMensaje_idUsuarioEncargado` FOREIGN KEY (`idUsuarioEncargado`) REFERENCES `usuario` (`idUsuario`)
) ENGINE=InnoDB AUTO_INCREMENT=33 DEFAULT CHARSET=utf8;
/*!40101 SET character_set_client = @saved_cs_client */;

--
-- Dumping data for table `bandejamensaje`
--

LOCK TABLES `bandejamensaje` WRITE;
/*!40000 ALTER TABLE `bandejamensaje` DISABLE KEYS */;
INSERT INTO `bandejamensaje` VALUES (5,NULL,2,'c1',NULL,'2017-03-15 08:00:00',NULL,1,0,0,NULL,NULL,NULL),(6,2,3,'c2',NULL,'2017-03-15 13:00:00',NULL,0,0,0,NULL,NULL,NULL),(7,3,NULL,'c3',NULL,'2017-03-20 08:00:00',NULL,0,0,0,NULL,NULL,NULL),(8,4,NULL,'c4',NULL,'2017-03-23 08:00:00',NULL,0,0,0,NULL,NULL,NULL),(9,171,NULL,'26126736_bbdd_491a_88fa_edd658858c9a_ncubo_170913111117917',NULL,'2017-09-13 11:13:03','2017-09-13 13:50:34',0,0,0,6,NULL,NULL),(10,1,NULL,'b81b40a7_1772_489c_930c_4549bdd35d7d_ncubo_17091311540191','Mensaje de prueba','2017-09-13 11:39:40','2017-09-20 11:06:05',1,1,0,NULL,NULL,2),(11,245,NULL,'5c17cc3e_32f2_4cba_87e5_891abf3c7686_ncubo_170913011958958',NULL,'2017-09-13 13:22:25','2017-09-13 13:44:30',0,0,0,6,NULL,NULL),(12,245,NULL,'5c17cc3e_32f2_4cba_87e5_891abf3c7686_ncubo_170913014849949','Mensaje de prueba','2017-09-13 13:48:57','2017-09-20 11:18:11',1,1,0,6,NULL,5),(13,171,NULL,'71c69c96_572c_4fe4_a878_0e4ee29d47cb_ncubo_170913015142942','Mensajes de prueba','2017-09-13 13:51:53','2017-09-20 11:16:39',1,1,0,6,NULL,7),(14,116,NULL,'b7113858_8961_44c2_8e22_8e6e895c04a5_ncubo_17091301590696','Mensajes de prueba','2017-09-13 14:00:10','2017-09-20 11:09:46',1,1,0,6,NULL,4),(15,329,NULL,'c241cdfc_0b51_4d42_a1cd_a00e9b39af2f_ncubo_170914021753953',NULL,'2017-09-14 14:29:52','2017-09-14 16:42:58',0,1,0,6,317,7),(16,NULL,NULL,'47c58578_e97b_4071_8c7f_efba9164b80d_ncubo_170915071825925',NULL,'2017-09-15 19:20:26','2017-09-15 19:20:31',0,1,0,6,NULL,4),(17,169,NULL,'c48ad8d6_4777_425d_9e01_b5eeb01e04dc_ncubo_170917050727927',NULL,'2017-09-17 17:09:22','2017-09-17 17:10:14',0,1,0,6,NULL,4),(18,NULL,NULL,'95d74f3d_8dae_412d_b609_9addbb341d3b_ncubo_170919081510910',NULL,'2017-09-19 20:15:12','2017-09-19 20:16:10',0,1,0,6,NULL,7),(19,NULL,NULL,'95d74f3d_8dae_412d_b609_9addbb341d3b_ncubo_170919082910910',NULL,'2017-09-19 20:29:31','2017-09-19 20:29:35',0,1,0,6,NULL,7),(20,NULL,NULL,'95d74f3d_8dae_412d_b609_9addbb341d3b_ncubo_170919084113913',NULL,'2017-09-19 20:41:21','2017-09-19 20:41:25',0,1,0,6,NULL,7),(21,1,NULL,'b81b40a7_1772_489c_930c_4549bdd35d7d_ncubo_17091311540191','Mensaje de prueba','2017-09-20 10:58:10','2017-09-20 11:02:15',1,1,0,NULL,NULL,2),(22,1,NULL,'19c4a665_6c00_4810_b68c_75b34d8420d7_ncubo_170920110547947','Mensaje de prueba','2017-09-20 11:05:45','2017-09-20 11:18:49',1,1,0,6,NULL,1),(23,317,NULL,'2fefbbf9_9281_47a9_a99d_61db664d48fb_ncubo_170920110550950','Mensaje de prueba','2017-09-20 11:05:48','2017-09-20 11:19:23',1,1,0,6,NULL,1),(24,1,NULL,'d188be76_0569_41bb_adf5_e5999e767950_ncubo_170920111852952',NULL,'2017-09-20 11:18:50','2017-09-21 10:16:22',0,1,0,6,NULL,1),(25,317,NULL,'b5f3e8ba_52dd_4f24_9d05_dbb0063c9178_ncubo_170920111929929','','2017-09-20 11:19:26','2017-09-21 10:15:40',1,1,0,6,NULL,1),(26,NULL,NULL,'9954d8f5_ee2f_4ea9_ae17_0e3fea6d5654_ncubo_170920114513913',NULL,'2017-09-20 11:45:18','2017-09-20 11:45:25',0,1,0,6,NULL,7),(27,171,NULL,'a8a29464_fb14_418b_8ac0_ddbe6fa9e219_ncubo_170920030149949',NULL,'2017-09-20 15:02:43','2017-09-20 15:02:47',0,1,0,6,NULL,7),(28,NULL,NULL,'dd2c17ab_3901_4072_a243_a54261ec890b_ncubo_170920050631931',NULL,'2017-09-20 17:06:38','2017-09-20 17:06:41',0,1,0,6,NULL,7),(29,317,NULL,'1ae21afd_b83f_43cd_9bf7_d1cc0ef6c96d_ncubo_170921101555955','','2017-09-21 10:15:52','2017-09-21 10:16:20',1,1,0,6,NULL,1),(30,317,NULL,'c4554e28_a24b_480b_9bd9_9ff016fbef63_ncubo_170921101627927',NULL,'2017-09-21 10:16:25','2017-09-21 10:16:27',0,1,0,6,NULL,1),(31,275,NULL,'a6edee48_5f09_4de7_9052_ea4b14a59b91_ncubo_17092111370797',NULL,'2017-09-21 11:38:14','2017-09-21 11:40:20',0,1,0,6,NULL,7),(32,116,NULL,'e473e1f4_094f_4c92_bde9_97dd95e4b17a_ncubo_170921115113913',NULL,'2017-09-21 11:51:22','2017-09-21 11:51:59',0,1,0,6,NULL,4);
/*!40000 ALTER TABLE `bandejamensaje` ENABLE KEYS */;
UNLOCK TABLES;

--
-- Table structure for table `empresa`
--

DROP TABLE IF EXISTS `empresa`;
/*!40101 SET @saved_cs_client     = @@character_set_client */;
/*!40101 SET character_set_client = utf8 */;
CREATE TABLE `empresa` (
  `idEmpresa` int(11) NOT NULL AUTO_INCREMENT,
  `DescEmpresa` varchar(100) DEFAULT NULL,
  `identificacionDeLaEmpresa` varchar(100) NOT NULL DEFAULT 'Black',
  `RutaImagenReporteEstadoCuenta` varchar(100) DEFAULT NULL,
  `idStoreFrontNimbus` varchar(100) DEFAULT NULL,
  `idCompaniaNimbus` varchar(100) DEFAULT NULL,
  `idCompaniaChat` varchar(100) DEFAULT 'asodemo',
  `nombre` varchar(100) DEFAULT NULL,
  `email` varchar(100) DEFAULT NULL,
  `telefono` varchar(100) DEFAULT NULL,
  `direccion` varchar(100) DEFAULT NULL,
  `cedulaJuridica` varchar(100) DEFAULT NULL,
  PRIMARY KEY (`idEmpresa`)
) ENGINE=InnoDB AUTO_INCREMENT=9 DEFAULT CHARSET=utf8;
/*!40101 SET character_set_client = @saved_cs_client */;

--
-- Dumping data for table `empresa`
--

LOCK TABLES `empresa` WRITE;
/*!40000 ALTER TABLE `empresa` DISABLE KEYS */;
INSERT INTO `empresa` VALUES (1,'Asdecefa','#7F9AC1','~\\Widgets_BPM\\Imagenes\\grupoclimarefrimundo.png','v_asdecefa1','v_asdecefa','asodemo',NULL,NULL,NULL,NULL,NULL),(2,'Tatata','#696969',NULL,'v_tatata1','v_tatata','asodemo',NULL,NULL,NULL,NULL,NULL),(3,'Asemina','#22B14C',NULL,NULL,NULL,'asodemo',NULL,NULL,NULL,NULL,NULL),(4,'Asehologic','#a7a1ac',NULL,'v_asehologic','v_asehologic','asehologic','Asociación de empleados de Hologic','info@asehologic.com','4000-1496','Zona Franca, El Coyol - Alajuela','3-100-100000'),(5,'Asecnar','#BE81F7',NULL,NULL,NULL,'asecnar',NULL,NULL,NULL,NULL,NULL),(6,'Aseprismar','#d68a8a',NULL,NULL,NULL,'asodemo',NULL,NULL,NULL,NULL,NULL),(7,'Asoseam','#f36666',NULL,NULL,NULL,'asoseam',NULL,NULL,NULL,NULL,NULL),(8,'Asebaxter','#C2B14C',NULL,NULL,NULL,'asodemo',NULL,NULL,NULL,NULL,NULL);
/*!40000 ALTER TABLE `empresa` ENABLE KEYS */;
UNLOCK TABLES;

--
-- Table structure for table `usuario`
--

DROP TABLE IF EXISTS `usuario`;
/*!40101 SET @saved_cs_client     = @@character_set_client */;
/*!40101 SET character_set_client = utf8 */;
CREATE TABLE `usuario` (
  `idUsuario` int(11) NOT NULL AUTO_INCREMENT,
  `Nombre` varchar(100) DEFAULT NULL,
  `Apellidos` varchar(100) DEFAULT NULL,
  `idDepartamento` int(11) NOT NULL,
  `idFuncion` int(11) NOT NULL,
  `Email` varchar(100) DEFAULT NULL,
  `Telefono` varchar(100) DEFAULT NULL,
  `Extension` varchar(100) DEFAULT NULL,
  `idPerfil` int(11) NOT NULL,
  `Login` varchar(100) DEFAULT NULL,
  `Password` varchar(1000) DEFAULT NULL,
  `Activo` tinyint(1) NOT NULL,
  `Imagen` varchar(200) DEFAULT NULL,
  `CreadoPor` int(11) NOT NULL,
  `ModificadoPor` int(11) DEFAULT NULL,
  `FechaCreacion` datetime NOT NULL,
  `FechaModificacion` datetime DEFAULT NULL,
  `idEmpresaPrincipal` int(11) NOT NULL,
  `Cargo` varchar(200) NOT NULL,
  `RecienCreado` tinyint(1) NOT NULL,
  `RegistroBorrado` tinyint(1) NOT NULL,
  `BorradoPor` int(11) DEFAULT NULL,
  `FechaBorrado` datetime DEFAULT NULL,
  `idMarcador` int(11) DEFAULT NULL,
  `sessionActiva` tinyint(1) DEFAULT NULL,
  `IdVendedor` varchar(200) DEFAULT NULL,
  `emailFacebook` varchar(200) DEFAULT NULL,
  `primerNombreFacebook` varchar(200) DEFAULT NULL,
  `segundoNombreFacebook` varchar(200) DEFAULT NULL,
  `generoFacebook` varchar(200) DEFAULT NULL,
  `idFacebook` varchar(200) DEFAULT NULL,
  `apellidosFacebook` varchar(200) DEFAULT NULL,
  `linkFacebook` varchar(200) DEFAULT NULL,
  `lugarFacebook` varchar(200) DEFAULT NULL,
  `nombreFacebook` varchar(200) DEFAULT NULL,
  `zonaHorariaFacebook` int(11) DEFAULT NULL,
  `horaActualizadaFacebook` varchar(200) DEFAULT NULL,
  `verificadoFacebook` tinyint(1) DEFAULT NULL,
  `idSibu` varchar(200) DEFAULT NULL,
  `idCompaniaSibu` varchar(200) DEFAULT NULL,
  `cedula` varchar(200) DEFAULT NULL,
  `idCompaniaNimbus` varchar(100) DEFAULT NULL,
  `FechaDeUltimoLogin` datetime DEFAULT NULL,
  PRIMARY KEY (`idUsuario`),
  KEY `fk_Usuario_idDepartamento` (`idDepartamento`),
  KEY `fk_Usuario_idFuncion` (`idFuncion`),
  KEY `fk_Usuario_idPerfil` (`idPerfil`),
  KEY `fk_Usuario_CreadoPor` (`CreadoPor`),
  KEY `fk_Usuario_ModificadoPor` (`ModificadoPor`),
  KEY `fk_Usuario_idEmpresa` (`idEmpresaPrincipal`),
  KEY `fk_Usuario_BorradoPor` (`BorradoPor`),
  KEY `fk_Usuario_idMarcador` (`idMarcador`),
  CONSTRAINT `fk_Usuario_BorradoPor` FOREIGN KEY (`BorradoPor`) REFERENCES `usuario` (`idUsuario`),
  CONSTRAINT `fk_Usuario_CreadoPor` FOREIGN KEY (`CreadoPor`) REFERENCES `usuario` (`idUsuario`),
  CONSTRAINT `fk_Usuario_ModificadoPor` FOREIGN KEY (`ModificadoPor`) REFERENCES `usuario` (`idUsuario`),
  CONSTRAINT `fk_Usuario_idDepartamento` FOREIGN KEY (`idDepartamento`) REFERENCES `departamento` (`idDepartamento`),
  CONSTRAINT `fk_Usuario_idEmpresa` FOREIGN KEY (`idEmpresaPrincipal`) REFERENCES `empresa` (`idEmpresa`),
  CONSTRAINT `fk_Usuario_idFuncion` FOREIGN KEY (`idFuncion`) REFERENCES `funcion` (`idFuncion`),
  CONSTRAINT `fk_Usuario_idMarcador` FOREIGN KEY (`idMarcador`) REFERENCES `marcador` (`idMarcador`),
  CONSTRAINT `fk_Usuario_idPerfil` FOREIGN KEY (`idPerfil`) REFERENCES `perfil` (`idPerfil`)
) ENGINE=InnoDB AUTO_INCREMENT=335 DEFAULT CHARSET=utf8;
/*!40101 SET character_set_client = @saved_cs_client */;

--
-- Dumping data for table `usuario`
--

LOCK TABLES `usuario` WRITE;
/*!40000 ALTER TABLE `usuario` DISABLE KEYS */;
INSERT INTO `usuario` VALUES (1,'Administrador','Administrador',2,1,'administrador@gmail.com','','',1,'admin','2d62527d7908c1d476e0361838fa0b9c0a692198eeddcc7d1abe87983673c5196292c946b62fc9b8f3ebfc0c2231597e1181b291313a7dc3f1346b012518f32e',1,'',1,1,'2014-06-25 00:00:00','2014-06-25 00:00:00',2,'jefe de departamento',0,0,NULL,NULL,NULL,1,NULL,NULL,NULL,NULL,NULL,NULL,NULL,NULL,NULL,NULL,NULL,NULL,NULL,'6666','6',NULL,'v_asocia','2017-09-21 12:00:29'),(2,'Fabiana','Martínez',1,2,'fmartinez@ncubo.com','50688888888','',1,'fmartinez','2d62527d7908c1d476e0361838fa0b9c0a692198eeddcc7d1abe87983673c5196292c946b62fc9b8f3ebfc0c2231597e1181b291313a7dc3f1346b012518f32e',1,NULL,1,1,'2016-11-25 20:09:09','2016-11-25 20:09:09',2,'Marketing',0,0,NULL,NULL,NULL,1,NULL,NULL,NULL,NULL,NULL,NULL,NULL,NULL,NULL,NULL,NULL,NULL,NULL,NULL,NULL,NULL,NULL,NULL),(3,'','',1,4,'',NULL,NULL,3,NULL,NULL,1,NULL,1,NULL,'0001-01-01 00:00:00',NULL,1,'',1,0,NULL,NULL,NULL,NULL,NULL,NULL,NULL,NULL,NULL,NULL,NULL,NULL,NULL,NULL,NULL,NULL,NULL,'953','1','6769',NULL,'2016-12-02 09:54:49'),(4,'','',1,4,'',NULL,NULL,3,NULL,NULL,1,NULL,1,NULL,'0001-01-01 00:00:00',NULL,1,'',1,0,NULL,NULL,NULL,NULL,NULL,NULL,NULL,NULL,NULL,NULL,NULL,NULL,NULL,NULL,NULL,NULL,NULL,'603','1','5066',NULL,'2016-12-02 10:32:19'),(5,'','',1,4,'',NULL,NULL,3,NULL,NULL,1,NULL,1,NULL,'0001-01-01 00:00:00',NULL,1,'',1,0,NULL,NULL,NULL,NULL,NULL,NULL,NULL,NULL,NULL,NULL,NULL,NULL,NULL,NULL,NULL,NULL,NULL,'695','1','7237',NULL,'2016-12-02 14:20:53'),(6,'','',1,4,'',NULL,NULL,3,NULL,NULL,1,NULL,1,NULL,'0001-01-01 00:00:00',NULL,1,'',1,0,NULL,NULL,NULL,NULL,NULL,NULL,NULL,NULL,NULL,NULL,NULL,NULL,NULL,NULL,NULL,NULL,NULL,'730','1','5080',NULL,'2016-12-02 14:34:05'),(7,'','',1,4,'',NULL,NULL,3,NULL,NULL,1,NULL,1,NULL,'0001-01-01 00:00:00',NULL,1,'',1,0,NULL,NULL,NULL,NULL,NULL,NULL,NULL,NULL,NULL,NULL,NULL,NULL,NULL,NULL,NULL,NULL,NULL,'748','1','6762',NULL,'2016-12-02 16:28:08'),(8,'','',1,4,'',NULL,NULL,3,NULL,NULL,1,NULL,1,NULL,'0001-01-01 00:00:00',NULL,1,'',1,0,NULL,NULL,NULL,NULL,NULL,NULL,NULL,NULL,NULL,NULL,NULL,NULL,NULL,NULL,NULL,NULL,NULL,'579','1','5062',NULL,'2016-12-06 11:16:15'),(9,'','',1,4,'',NULL,NULL,3,NULL,NULL,1,NULL,1,NULL,'0001-01-01 00:00:00',NULL,1,'',1,0,NULL,NULL,NULL,NULL,NULL,NULL,NULL,NULL,NULL,NULL,NULL,NULL,NULL,NULL,NULL,NULL,NULL,'6298','1','702030381',NULL,'2016-12-06 11:33:04'),(10,'','',1,4,'',NULL,NULL,3,NULL,NULL,1,NULL,1,NULL,'0001-01-01 00:00:00',NULL,1,'',1,0,NULL,NULL,NULL,NULL,NULL,NULL,NULL,NULL,NULL,NULL,NULL,NULL,NULL,NULL,NULL,NULL,NULL,'13334','1','112770902',NULL,'2016-12-07 13:49:47'),(11,'','',1,4,'',NULL,NULL,3,NULL,NULL,1,NULL,1,NULL,'0001-01-01 00:00:00',NULL,1,'',1,0,NULL,NULL,NULL,NULL,NULL,NULL,NULL,NULL,NULL,NULL,NULL,NULL,NULL,NULL,NULL,NULL,NULL,'13231','1','111550522',NULL,'2016-12-07 15:31:10'),(12,'','',1,4,'',NULL,NULL,3,NULL,NULL,1,NULL,1,NULL,'0001-01-01 00:00:00',NULL,1,'',1,0,NULL,NULL,NULL,NULL,NULL,NULL,NULL,NULL,NULL,NULL,NULL,NULL,NULL,NULL,NULL,NULL,NULL,'4146','1','113690791',NULL,'2016-12-07 15:33:34'),(13,'','',1,4,'',NULL,NULL,3,NULL,NULL,1,NULL,1,NULL,'0001-01-01 00:00:00',NULL,1,'',1,0,NULL,NULL,NULL,NULL,NULL,NULL,NULL,NULL,NULL,NULL,NULL,NULL,NULL,NULL,NULL,NULL,NULL,'3084','1','111120614',NULL,'2016-12-07 15:34:24'),(14,'','',1,4,'',NULL,NULL,3,NULL,NULL,1,NULL,1,NULL,'0001-01-01 00:00:00',NULL,1,'',1,0,NULL,NULL,NULL,NULL,NULL,NULL,NULL,NULL,NULL,NULL,NULL,NULL,NULL,NULL,NULL,NULL,NULL,'12943','1','206710097',NULL,'2016-12-07 15:36:13'),(15,'','',1,4,'',NULL,NULL,3,NULL,NULL,1,NULL,1,NULL,'0001-01-01 00:00:00',NULL,1,'',1,0,NULL,NULL,NULL,NULL,NULL,NULL,NULL,NULL,NULL,NULL,NULL,NULL,NULL,NULL,NULL,NULL,NULL,'3330','1','111640650',NULL,'2016-12-07 15:36:24'),(16,'','',1,4,'',NULL,NULL,3,NULL,NULL,1,NULL,1,NULL,'0001-01-01 00:00:00',NULL,1,'',1,0,NULL,NULL,NULL,NULL,NULL,NULL,NULL,NULL,NULL,NULL,NULL,NULL,NULL,NULL,NULL,NULL,NULL,'1666','1','108390317',NULL,'2016-12-07 15:37:22'),(17,'','',1,4,'',NULL,NULL,3,NULL,NULL,1,NULL,1,NULL,'0001-01-01 00:00:00',NULL,1,'',1,0,NULL,NULL,NULL,NULL,NULL,NULL,NULL,NULL,NULL,NULL,NULL,NULL,NULL,NULL,NULL,NULL,NULL,'3477','1','111960270',NULL,'2016-12-07 15:37:47'),(18,'','',1,4,'',NULL,NULL,3,NULL,NULL,1,NULL,1,NULL,'0001-01-01 00:00:00',NULL,1,'',1,0,NULL,NULL,NULL,NULL,NULL,NULL,NULL,NULL,NULL,NULL,NULL,NULL,NULL,NULL,NULL,NULL,NULL,'2470','1','109920454',NULL,'2016-12-07 15:38:17'),(19,'','',1,4,'',NULL,NULL,3,NULL,NULL,1,NULL,1,NULL,'0001-01-01 00:00:00',NULL,1,'',1,0,NULL,NULL,NULL,NULL,NULL,NULL,NULL,NULL,NULL,NULL,NULL,NULL,NULL,NULL,NULL,NULL,NULL,'3704','1','112520502',NULL,'2016-12-07 15:39:38'),(20,'','',1,4,'',NULL,NULL,3,NULL,NULL,1,NULL,1,NULL,'0001-01-01 00:00:00',NULL,1,'',1,0,NULL,NULL,NULL,NULL,NULL,NULL,NULL,NULL,NULL,NULL,NULL,NULL,NULL,NULL,NULL,NULL,NULL,'13048','1','304660998',NULL,'2016-12-07 15:43:14'),(21,'','',1,4,'',NULL,NULL,3,NULL,NULL,1,NULL,1,NULL,'0001-01-01 00:00:00',NULL,1,'',1,0,NULL,NULL,NULL,NULL,NULL,NULL,NULL,NULL,NULL,NULL,NULL,NULL,NULL,NULL,NULL,NULL,NULL,'3888','1','113010483',NULL,'2016-12-07 15:43:51'),(22,'','',1,4,'',NULL,NULL,3,NULL,NULL,1,NULL,1,NULL,'0001-01-01 00:00:00',NULL,1,'',1,0,NULL,NULL,NULL,NULL,NULL,NULL,NULL,NULL,NULL,NULL,NULL,NULL,NULL,NULL,NULL,NULL,NULL,'3576','1','112180734',NULL,'2016-12-07 15:45:21'),(23,'','',1,4,'',NULL,NULL,3,NULL,NULL,1,NULL,1,NULL,'0001-01-01 00:00:00',NULL,1,'',1,0,NULL,NULL,NULL,NULL,NULL,NULL,NULL,NULL,NULL,NULL,NULL,NULL,NULL,NULL,NULL,NULL,NULL,'12790','1','401940245',NULL,'2016-12-07 15:46:34'),(24,'','',1,4,'',NULL,NULL,3,NULL,NULL,1,NULL,1,NULL,'0001-01-01 00:00:00',NULL,1,'',1,0,NULL,NULL,NULL,NULL,NULL,NULL,NULL,NULL,NULL,NULL,NULL,NULL,NULL,NULL,NULL,NULL,NULL,'2341','1','109710096',NULL,'2016-12-07 15:48:44'),(25,'','',1,4,'',NULL,NULL,3,NULL,NULL,1,NULL,1,NULL,'0001-01-01 00:00:00',NULL,1,'',1,0,NULL,NULL,NULL,NULL,NULL,NULL,NULL,NULL,NULL,NULL,NULL,NULL,NULL,NULL,NULL,NULL,NULL,'2495','1','109960561',NULL,'2016-12-07 16:05:23'),(26,'','',1,4,'',NULL,NULL,3,NULL,NULL,1,NULL,1,NULL,'0001-01-01 00:00:00',NULL,1,'',1,0,NULL,NULL,NULL,NULL,NULL,NULL,NULL,NULL,NULL,NULL,NULL,NULL,NULL,NULL,NULL,NULL,NULL,'4953','1','205350795',NULL,'2016-12-07 16:22:50'),(27,'','',1,4,'',NULL,NULL,3,NULL,NULL,1,NULL,1,NULL,'0001-01-01 00:00:00',NULL,1,'',1,0,NULL,NULL,NULL,NULL,NULL,NULL,NULL,NULL,NULL,NULL,NULL,NULL,NULL,NULL,NULL,NULL,NULL,'2245','1','109520259',NULL,'2016-12-07 16:38:25'),(28,'','',1,4,'',NULL,NULL,3,NULL,NULL,1,NULL,1,NULL,'0001-01-01 00:00:00',NULL,1,'',1,0,NULL,NULL,NULL,NULL,NULL,NULL,NULL,NULL,NULL,NULL,NULL,NULL,NULL,NULL,NULL,NULL,NULL,'1693','1','108440580',NULL,'2016-12-07 16:40:11'),(29,'','',1,4,'',NULL,NULL,3,NULL,NULL,1,NULL,1,NULL,'0001-01-01 00:00:00',NULL,1,'',1,0,NULL,NULL,NULL,NULL,NULL,NULL,NULL,NULL,NULL,NULL,NULL,NULL,NULL,NULL,NULL,NULL,NULL,'1994','1','109060487',NULL,'2016-12-07 17:15:19'),(30,'','',1,4,'',NULL,NULL,3,NULL,NULL,1,NULL,1,NULL,'0001-01-01 00:00:00',NULL,1,'',1,0,NULL,NULL,NULL,NULL,NULL,NULL,NULL,NULL,NULL,NULL,NULL,NULL,NULL,NULL,NULL,NULL,NULL,'3087','1','111120685',NULL,'2016-12-07 19:32:34'),(31,'','',1,4,'',NULL,NULL,3,NULL,NULL,1,NULL,1,NULL,'0001-01-01 00:00:00',NULL,1,'',1,0,NULL,NULL,NULL,NULL,NULL,NULL,NULL,NULL,NULL,NULL,NULL,NULL,NULL,NULL,NULL,NULL,NULL,'6141','1','603500306',NULL,'2016-12-07 22:14:16'),(32,'','',1,4,'',NULL,NULL,3,NULL,NULL,1,NULL,1,NULL,'0001-01-01 00:00:00',NULL,1,'',1,0,NULL,NULL,NULL,NULL,NULL,NULL,NULL,NULL,NULL,NULL,NULL,NULL,NULL,NULL,NULL,NULL,NULL,'6141','1','603500306',NULL,'2016-12-07 22:14:16'),(33,'','',1,4,'',NULL,NULL,3,NULL,NULL,1,NULL,1,NULL,'0001-01-01 00:00:00',NULL,1,'',1,0,NULL,NULL,NULL,NULL,NULL,NULL,NULL,NULL,NULL,NULL,NULL,NULL,NULL,NULL,NULL,NULL,NULL,'4024','1','113350157',NULL,'2016-12-07 23:08:05'),(34,'','',1,4,'',NULL,NULL,3,NULL,NULL,1,NULL,1,NULL,'0001-01-01 00:00:00',NULL,1,'',1,0,NULL,NULL,NULL,NULL,NULL,NULL,NULL,NULL,NULL,NULL,NULL,NULL,NULL,NULL,NULL,NULL,NULL,'3893','1','113020685',NULL,'2016-12-08 07:24:04'),(35,'','',1,4,'',NULL,NULL,3,NULL,NULL,1,NULL,1,NULL,'0001-01-01 00:00:00',NULL,1,'',1,0,NULL,NULL,NULL,NULL,NULL,NULL,NULL,NULL,NULL,NULL,NULL,NULL,NULL,NULL,NULL,NULL,NULL,'3893','1','113020685',NULL,'2016-12-08 07:24:04'),(36,'','',1,4,'',NULL,NULL,3,NULL,NULL,1,NULL,1,NULL,'0001-01-01 00:00:00',NULL,1,'',1,0,NULL,NULL,NULL,NULL,NULL,NULL,NULL,NULL,NULL,NULL,NULL,NULL,NULL,NULL,NULL,NULL,NULL,'3893','1','113020685',NULL,'2016-12-08 07:24:04'),(37,'','',1,4,'',NULL,NULL,3,NULL,NULL,1,NULL,1,NULL,'0001-01-01 00:00:00',NULL,1,'',1,0,NULL,NULL,NULL,NULL,NULL,NULL,NULL,NULL,NULL,NULL,NULL,NULL,NULL,NULL,NULL,NULL,NULL,'3893','1','113020685',NULL,'2016-12-08 07:24:04'),(38,'','',1,4,'',NULL,NULL,3,NULL,NULL,1,NULL,1,NULL,'0001-01-01 00:00:00',NULL,1,'',1,0,NULL,NULL,NULL,NULL,NULL,NULL,NULL,NULL,NULL,NULL,NULL,NULL,NULL,NULL,NULL,NULL,NULL,'3893','1','113020685',NULL,'2016-12-08 07:24:04'),(39,'','',1,4,'',NULL,NULL,3,NULL,NULL,1,NULL,1,NULL,'0001-01-01 00:00:00',NULL,1,'',1,0,NULL,NULL,NULL,NULL,NULL,NULL,NULL,NULL,NULL,NULL,NULL,NULL,NULL,NULL,NULL,NULL,NULL,'3893','1','113020685',NULL,'2016-12-08 07:24:04'),(40,'','',1,4,'',NULL,NULL,3,NULL,NULL,1,NULL,1,NULL,'0001-01-01 00:00:00',NULL,1,'',1,0,NULL,NULL,NULL,NULL,NULL,NULL,NULL,NULL,NULL,NULL,NULL,NULL,NULL,NULL,NULL,NULL,NULL,'6282','1','701830535',NULL,'2016-12-08 07:29:43'),(41,'','',1,4,'',NULL,NULL,3,NULL,NULL,1,NULL,1,NULL,'0001-01-01 00:00:00',NULL,1,'',1,0,NULL,NULL,NULL,NULL,NULL,NULL,NULL,NULL,NULL,NULL,NULL,NULL,NULL,NULL,NULL,NULL,NULL,'3740','1','112600015',NULL,'2016-12-08 08:57:18'),(42,'','',1,4,'',NULL,NULL,3,NULL,NULL,1,NULL,1,NULL,'0001-01-01 00:00:00',NULL,1,'',1,0,NULL,NULL,NULL,NULL,NULL,NULL,NULL,NULL,NULL,NULL,NULL,NULL,NULL,NULL,NULL,NULL,NULL,'1446','1','107920900',NULL,'2016-12-08 09:43:20'),(43,'','',1,4,'',NULL,NULL,3,NULL,NULL,1,NULL,1,NULL,'0001-01-01 00:00:00',NULL,1,'',1,0,NULL,NULL,NULL,NULL,NULL,NULL,NULL,NULL,NULL,NULL,NULL,NULL,NULL,NULL,NULL,NULL,NULL,'13028','1','206660972',NULL,'2016-12-08 11:06:25'),(44,'','',1,4,'',NULL,NULL,3,NULL,NULL,1,NULL,1,NULL,'0001-01-01 00:00:00',NULL,1,'',1,0,NULL,NULL,NULL,NULL,NULL,NULL,NULL,NULL,NULL,NULL,NULL,NULL,NULL,NULL,NULL,NULL,NULL,'13028','1','206660972',NULL,'2016-12-08 11:06:25'),(45,'','',1,4,'',NULL,NULL,3,NULL,NULL,1,NULL,1,NULL,'0001-01-01 00:00:00',NULL,1,'',1,0,NULL,NULL,NULL,NULL,NULL,NULL,NULL,NULL,NULL,NULL,NULL,NULL,NULL,NULL,NULL,NULL,NULL,'13028','1','206660972',NULL,'2016-12-08 11:06:25'),(46,'','',1,4,'',NULL,NULL,3,NULL,NULL,1,NULL,1,NULL,'0001-01-01 00:00:00',NULL,1,'',1,0,NULL,NULL,NULL,NULL,NULL,NULL,NULL,NULL,NULL,NULL,NULL,NULL,NULL,NULL,NULL,NULL,NULL,'12762','1','108510294',NULL,'2016-12-08 13:14:23'),(47,'','',1,4,'',NULL,NULL,3,NULL,NULL,1,NULL,1,NULL,'0001-01-01 00:00:00',NULL,1,'',1,0,NULL,NULL,NULL,NULL,NULL,NULL,NULL,NULL,NULL,NULL,NULL,NULL,NULL,NULL,NULL,NULL,NULL,'2609','1','110190582',NULL,'2016-12-08 13:45:10'),(48,'','',1,4,'',NULL,NULL,3,NULL,NULL,1,NULL,1,NULL,'0001-01-01 00:00:00',NULL,1,'',1,0,NULL,NULL,NULL,NULL,NULL,NULL,NULL,NULL,NULL,NULL,NULL,NULL,NULL,NULL,NULL,NULL,NULL,'3827','1','112840559',NULL,'2016-12-08 15:33:10'),(49,'','',1,4,'',NULL,NULL,3,NULL,NULL,1,NULL,1,NULL,'0001-01-01 00:00:00',NULL,1,'',1,0,NULL,NULL,NULL,NULL,NULL,NULL,NULL,NULL,NULL,NULL,NULL,NULL,NULL,NULL,NULL,NULL,NULL,'12785','1','114590427',NULL,'2016-12-08 16:48:36'),(50,'','',1,4,'',NULL,NULL,3,NULL,NULL,1,NULL,1,NULL,'0001-01-01 00:00:00',NULL,1,'',1,0,NULL,NULL,NULL,NULL,NULL,NULL,NULL,NULL,NULL,NULL,NULL,NULL,NULL,NULL,NULL,NULL,NULL,'2521','1','110000505',NULL,'2016-12-08 18:11:39'),(51,'','',1,4,'',NULL,NULL,3,NULL,NULL,1,NULL,1,NULL,'0001-01-01 00:00:00',NULL,1,'',1,0,NULL,NULL,NULL,NULL,NULL,NULL,NULL,NULL,NULL,NULL,NULL,NULL,NULL,NULL,NULL,NULL,NULL,'12801','1','111110275',NULL,'2016-12-10 23:01:15'),(52,'','',1,4,'',NULL,NULL,3,NULL,NULL,1,NULL,1,NULL,'0001-01-01 00:00:00',NULL,1,'',1,0,NULL,NULL,NULL,NULL,NULL,NULL,NULL,NULL,NULL,NULL,NULL,NULL,NULL,NULL,NULL,NULL,NULL,'2756','1','110440419',NULL,'2016-12-11 11:06:31'),(53,'','',1,4,'',NULL,NULL,3,NULL,NULL,1,NULL,1,NULL,'0001-01-01 00:00:00',NULL,1,'',1,0,NULL,NULL,NULL,NULL,NULL,NULL,NULL,NULL,NULL,NULL,NULL,NULL,NULL,NULL,NULL,NULL,NULL,'2756','1','110440419',NULL,'2016-12-11 11:06:31'),(54,'','',1,4,'',NULL,NULL,3,NULL,NULL,1,NULL,1,NULL,'0001-01-01 00:00:00',NULL,1,'',1,0,NULL,NULL,NULL,NULL,NULL,NULL,NULL,NULL,NULL,NULL,NULL,NULL,NULL,NULL,NULL,NULL,NULL,'3308','1','111610204',NULL,'2016-12-11 15:27:53'),(55,'','',1,4,'',NULL,NULL,3,NULL,NULL,1,NULL,1,NULL,'0001-01-01 00:00:00',NULL,1,'',1,0,NULL,NULL,NULL,NULL,NULL,NULL,NULL,NULL,NULL,NULL,NULL,NULL,NULL,NULL,NULL,NULL,NULL,'3308','1','111610204',NULL,'2016-12-11 15:27:53'),(56,'','',1,4,'',NULL,NULL,3,NULL,NULL,1,NULL,1,NULL,'0001-01-01 00:00:00',NULL,1,'',1,0,NULL,NULL,NULL,NULL,NULL,NULL,NULL,NULL,NULL,NULL,NULL,NULL,NULL,NULL,NULL,NULL,NULL,'3308','1','111610204',NULL,'2016-12-11 15:27:53'),(57,'','',4,4,'',NULL,NULL,3,NULL,NULL,1,NULL,1,NULL,'0001-01-01 00:00:00',NULL,4,'',1,0,NULL,NULL,NULL,NULL,NULL,NULL,NULL,NULL,NULL,NULL,NULL,NULL,NULL,NULL,NULL,NULL,NULL,'1469','4','0114400445',NULL,'2016-12-12 08:54:18'),(58,'JULIAN','SALAS JIMENEZ',4,4,'',NULL,NULL,3,NULL,NULL,1,NULL,1,NULL,'0001-01-01 00:00:00',NULL,4,'',1,0,NULL,NULL,NULL,NULL,NULL,NULL,NULL,NULL,NULL,NULL,NULL,NULL,NULL,NULL,NULL,NULL,NULL,'1352','4','0113040879',NULL,'2016-12-12 10:40:41'),(59,'','',4,4,'',NULL,NULL,3,NULL,NULL,1,NULL,1,NULL,'0001-01-01 00:00:00',NULL,4,'',1,0,NULL,NULL,NULL,NULL,NULL,NULL,NULL,NULL,NULL,NULL,NULL,NULL,NULL,NULL,NULL,NULL,NULL,'2568','4','0503530192',NULL,'2016-12-12 10:42:50'),(60,'','',4,4,'',NULL,NULL,3,NULL,NULL,1,NULL,1,NULL,'0001-01-01 00:00:00',NULL,4,'',1,0,NULL,NULL,NULL,NULL,NULL,NULL,NULL,NULL,NULL,NULL,NULL,NULL,NULL,NULL,NULL,NULL,NULL,'1179','4','0110620245',NULL,'2016-12-12 10:59:43'),(61,'','',4,4,'',NULL,NULL,3,NULL,NULL,1,NULL,1,NULL,'0001-01-01 00:00:00',NULL,4,'',1,0,NULL,NULL,NULL,NULL,NULL,NULL,NULL,NULL,NULL,NULL,NULL,NULL,NULL,NULL,NULL,NULL,NULL,'1168','4','0110430419',NULL,'2016-12-12 12:26:57'),(62,'','',4,4,'',NULL,NULL,3,NULL,NULL,1,NULL,1,NULL,'0001-01-01 00:00:00',NULL,4,'',1,0,NULL,NULL,NULL,NULL,NULL,NULL,NULL,NULL,NULL,NULL,NULL,NULL,NULL,NULL,NULL,NULL,NULL,'3628','4','0113320680',NULL,'2016-12-12 12:27:56'),(63,'','',4,4,'',NULL,NULL,3,NULL,NULL,1,NULL,1,NULL,'0001-01-01 00:00:00',NULL,4,'',1,0,NULL,NULL,NULL,NULL,NULL,NULL,NULL,NULL,NULL,NULL,NULL,NULL,NULL,NULL,NULL,NULL,NULL,'1330','4','0112890064',NULL,'2016-12-12 13:07:36'),(64,'','',4,4,'',NULL,NULL,3,NULL,NULL,1,NULL,1,NULL,'0001-01-01 00:00:00',NULL,4,'',1,0,NULL,NULL,NULL,NULL,NULL,NULL,NULL,NULL,NULL,NULL,NULL,NULL,NULL,NULL,NULL,NULL,NULL,'1680','4','0205460575',NULL,'2016-12-12 13:45:09'),(65,'','',4,4,'',NULL,NULL,3,NULL,NULL,1,NULL,1,NULL,'0001-01-01 00:00:00',NULL,4,'',1,0,NULL,NULL,NULL,NULL,NULL,NULL,NULL,NULL,NULL,NULL,NULL,NULL,NULL,NULL,NULL,NULL,NULL,'2559','4','0503380953',NULL,'2016-12-12 15:24:03'),(66,'Kevin Sandino','SANDINO  CHAVARRIA',4,4,'kev19555@gmal.com','(506)86771058',NULL,3,NULL,NULL,1,NULL,1,NULL,'0001-01-01 00:00:00',NULL,4,'',1,0,NULL,NULL,NULL,NULL,NULL,NULL,NULL,NULL,NULL,NULL,NULL,NULL,NULL,NULL,NULL,NULL,NULL,'3546','4','0207520227',NULL,'2016-12-12 17:48:59'),(67,'Dennis Herrera','',4,4,'dennis.herrera@outlook.com','(506)(506)88992537',NULL,3,NULL,NULL,1,NULL,1,NULL,'0001-01-01 00:00:00',NULL,4,'',1,0,NULL,NULL,NULL,NULL,NULL,NULL,NULL,NULL,NULL,NULL,NULL,NULL,NULL,NULL,NULL,NULL,NULL,'4706','4','0112220879',NULL,'2016-12-13 08:37:38'),(68,'Elizabeth Arrieta González ','',4,4,'earrieta90@gmail.com','83326767',NULL,3,NULL,NULL,1,NULL,1,NULL,'0001-01-01 00:00:00',NULL,4,'',1,0,NULL,NULL,NULL,NULL,NULL,NULL,NULL,NULL,NULL,NULL,NULL,NULL,NULL,NULL,NULL,NULL,NULL,'2081','4','0206750151',NULL,'2017-09-19 19:52:19'),(69,'','',4,4,'',NULL,NULL,3,NULL,NULL,1,NULL,1,NULL,'0001-01-01 00:00:00',NULL,4,'',1,0,NULL,NULL,NULL,NULL,NULL,NULL,NULL,NULL,NULL,NULL,NULL,NULL,NULL,NULL,NULL,NULL,NULL,'1436','4','0113960484',NULL,'2016-12-13 10:42:06'),(70,'Henry','',4,4,'henry.esquivel@hologic.com',NULL,NULL,3,NULL,NULL,1,NULL,1,NULL,'0001-01-01 00:00:00',NULL,4,'',1,0,NULL,NULL,NULL,NULL,NULL,NULL,NULL,NULL,NULL,NULL,NULL,NULL,NULL,NULL,NULL,NULL,NULL,'2648','4','0603380475',NULL,'2016-12-13 11:07:58'),(71,'','',1,4,'',NULL,NULL,3,NULL,NULL,1,NULL,1,NULL,'0001-01-01 00:00:00',NULL,1,'',1,0,NULL,NULL,NULL,NULL,NULL,NULL,NULL,NULL,NULL,NULL,NULL,NULL,NULL,NULL,NULL,NULL,NULL,'12789','1','115740691',NULL,'2016-12-13 18:57:06'),(72,'','',1,4,'',NULL,NULL,3,NULL,NULL,1,NULL,1,NULL,'0001-01-01 00:00:00',NULL,1,'',1,0,NULL,NULL,NULL,NULL,NULL,NULL,NULL,NULL,NULL,NULL,NULL,NULL,NULL,NULL,NULL,NULL,NULL,'5391','1','303710042',NULL,'2016-12-14 11:02:37'),(73,'KENNETH PARRA JUAREZ','PARRA JUAREZ',4,4,'kenneth.parra@hologic.com','85053948',NULL,3,NULL,NULL,1,NULL,1,NULL,'0001-01-01 00:00:00',NULL,4,'',1,0,NULL,NULL,NULL,NULL,NULL,NULL,NULL,NULL,NULL,NULL,NULL,NULL,NULL,NULL,NULL,NULL,NULL,'2618','4','0602770432',NULL,'2016-12-14 16:56:44'),(74,'Anthony martinez','',4,4,'anthony.martinez@hologic.com','83716189',NULL,3,NULL,NULL,1,NULL,1,NULL,'0001-01-01 00:00:00',NULL,4,'',1,0,NULL,NULL,NULL,NULL,NULL,NULL,NULL,NULL,NULL,NULL,NULL,NULL,NULL,NULL,NULL,NULL,NULL,'1028','4','0106620387',NULL,'2016-12-15 08:32:34'),(75,'','',4,4,'',NULL,NULL,3,NULL,NULL,1,NULL,1,NULL,'0001-01-01 00:00:00',NULL,4,'',1,0,NULL,NULL,NULL,NULL,NULL,NULL,NULL,NULL,NULL,NULL,NULL,NULL,NULL,NULL,NULL,NULL,NULL,'1716','4','0205690010',NULL,'2016-12-15 09:49:50'),(76,'','',4,4,'',NULL,NULL,3,NULL,NULL,1,NULL,1,NULL,'0001-01-01 00:00:00',NULL,4,'',1,0,NULL,NULL,NULL,NULL,NULL,NULL,NULL,NULL,NULL,NULL,NULL,NULL,NULL,NULL,NULL,NULL,NULL,'2630','4','0602980890',NULL,'2016-12-19 09:37:10'),(77,'','',4,4,'',NULL,NULL,3,NULL,NULL,1,NULL,1,NULL,'0001-01-01 00:00:00',NULL,4,'',1,0,NULL,NULL,NULL,NULL,NULL,NULL,NULL,NULL,NULL,NULL,NULL,NULL,NULL,NULL,NULL,NULL,NULL,'3608','4','0204310577',NULL,'2016-12-19 09:57:14'),(78,'','',4,4,'',NULL,NULL,3,NULL,NULL,1,NULL,1,NULL,'0001-01-01 00:00:00',NULL,4,'',1,0,NULL,NULL,NULL,NULL,NULL,NULL,NULL,NULL,NULL,NULL,NULL,NULL,NULL,NULL,NULL,NULL,NULL,'1858','4','0206230147',NULL,'2016-12-19 10:54:10'),(79,'ADRIANA MORA GUEVARA','MORA GUEVARA',4,4,'adriana.mora@hologic.com','(506)88262123',NULL,3,NULL,NULL,1,NULL,1,NULL,'0001-01-01 00:00:00',NULL,4,'',1,0,NULL,NULL,NULL,NULL,NULL,NULL,NULL,NULL,NULL,NULL,NULL,NULL,NULL,NULL,NULL,NULL,NULL,'1116','4','0109630179',NULL,'2016-12-19 11:16:59'),(80,'','',4,4,'',NULL,NULL,3,NULL,NULL,1,NULL,1,NULL,'0001-01-01 00:00:00',NULL,4,'',1,0,NULL,NULL,NULL,NULL,NULL,NULL,NULL,NULL,NULL,NULL,NULL,NULL,NULL,NULL,NULL,NULL,NULL,'1439','4','0114000309',NULL,'2016-12-19 11:26:41'),(81,'Alvaro Valerio Castro','VALERIO CASTRO',4,4,'alvaro.valerio@hologic.com','(506)(506)71050614',NULL,3,NULL,NULL,1,NULL,1,NULL,'0001-01-01 00:00:00',NULL,4,'',1,0,NULL,NULL,NULL,NULL,NULL,NULL,NULL,NULL,NULL,NULL,NULL,NULL,NULL,NULL,NULL,NULL,NULL,'1592','4','0204800792',NULL,'2017-09-21 09:35:06'),(82,'KERLIN ARAYA MOLINA','ARAYA MOLINA',4,4,'kerlinarayamolina@hotmail.com','84027786',NULL,3,NULL,NULL,1,NULL,1,NULL,'0001-01-01 00:00:00',NULL,4,'',1,0,NULL,NULL,NULL,NULL,NULL,NULL,NULL,NULL,NULL,NULL,NULL,NULL,NULL,NULL,NULL,NULL,NULL,'1955','4','0206530120',NULL,'2016-12-20 07:14:59'),(83,'','',4,4,'',NULL,NULL,3,NULL,NULL,1,NULL,1,NULL,'0001-01-01 00:00:00',NULL,4,'',1,0,NULL,NULL,NULL,NULL,NULL,NULL,NULL,NULL,NULL,NULL,NULL,NULL,NULL,NULL,NULL,NULL,NULL,'1296','4','0112270517',NULL,'2016-12-20 07:17:16'),(84,'','',4,4,'',NULL,NULL,3,NULL,NULL,1,NULL,1,NULL,'0001-01-01 00:00:00',NULL,4,'',1,0,NULL,NULL,NULL,NULL,NULL,NULL,NULL,NULL,NULL,NULL,NULL,NULL,NULL,NULL,NULL,NULL,NULL,'4665','4','0112940242',NULL,'2016-12-20 14:33:27'),(85,'','',4,4,'',NULL,NULL,3,NULL,NULL,1,NULL,1,NULL,'0001-01-01 00:00:00',NULL,4,'',1,0,NULL,NULL,NULL,NULL,NULL,NULL,NULL,NULL,NULL,NULL,NULL,NULL,NULL,NULL,NULL,NULL,NULL,'1880','4','0206290985',NULL,'2016-12-20 14:40:34'),(86,'FERNANDO','MONTOYA JIMENEZ',4,4,'',NULL,NULL,3,NULL,NULL,1,NULL,1,NULL,'0001-01-01 00:00:00',NULL,4,'',1,0,NULL,NULL,NULL,NULL,NULL,NULL,NULL,NULL,NULL,NULL,NULL,NULL,NULL,NULL,NULL,NULL,NULL,'1353','4','0113060299',NULL,'2016-12-20 15:16:48'),(87,'','',4,4,'',NULL,NULL,3,NULL,NULL,1,NULL,1,NULL,'0001-01-01 00:00:00',NULL,4,'',1,0,NULL,NULL,NULL,NULL,NULL,NULL,NULL,NULL,NULL,NULL,NULL,NULL,NULL,NULL,NULL,NULL,NULL,'2438','4','0401810807',NULL,'2016-12-20 16:09:29'),(88,'JENNIFER','ARIAS BRENES',4,4,'',NULL,NULL,3,NULL,NULL,1,NULL,1,NULL,'0001-01-01 00:00:00',NULL,4,'',1,0,NULL,NULL,NULL,NULL,NULL,NULL,NULL,NULL,NULL,NULL,NULL,NULL,NULL,NULL,NULL,NULL,NULL,'4690','4','0111360177',NULL,'2017-09-15 06:21:42'),(89,'OSCAR','TORRES ARIAS',4,4,'',NULL,NULL,3,NULL,NULL,1,NULL,1,NULL,'0001-01-01 00:00:00',NULL,4,'',1,0,NULL,NULL,NULL,NULL,NULL,NULL,NULL,NULL,NULL,NULL,NULL,NULL,NULL,NULL,NULL,NULL,NULL,'4662','4','0115930577',NULL,'2016-12-22 13:39:19'),(90,'IRENE MARIA','BRENES PORRAS',4,4,'',NULL,NULL,3,NULL,NULL,1,NULL,1,NULL,'0001-01-01 00:00:00',NULL,4,'',1,0,NULL,NULL,NULL,NULL,NULL,NULL,NULL,NULL,NULL,NULL,NULL,NULL,NULL,NULL,NULL,NULL,NULL,'1687','4','0205490042',NULL,'2016-12-23 11:17:20'),(91,'STEVEN JAVIER CAMPOS  CHAVARRIA','CAMPOS  CHAVARRIA',4,4,'scampos64@gmail.com','84240043',NULL,3,NULL,NULL,1,NULL,1,NULL,'0001-01-01 00:00:00',NULL,4,'',1,0,NULL,NULL,NULL,NULL,NULL,NULL,NULL,NULL,NULL,NULL,NULL,NULL,NULL,NULL,NULL,NULL,NULL,'4700','4','0115380653',NULL,'2016-12-23 11:17:35'),(92,'Dayana','Ugalde Viquez',4,4,'',NULL,NULL,3,NULL,NULL,1,NULL,1,NULL,'0001-01-01 00:00:00',NULL,4,'',1,0,NULL,NULL,NULL,NULL,NULL,NULL,NULL,NULL,NULL,NULL,NULL,NULL,NULL,NULL,NULL,NULL,NULL,'2248','4','0207210873',NULL,'2016-12-23 11:19:01'),(93,'','',1,4,'',NULL,NULL,3,NULL,NULL,1,NULL,1,NULL,'0001-01-01 00:00:00',NULL,1,'',1,0,NULL,NULL,NULL,NULL,NULL,NULL,NULL,NULL,NULL,NULL,NULL,NULL,NULL,NULL,NULL,NULL,NULL,'13040','1','114820539',NULL,'2016-12-25 11:38:14'),(94,'FRANCISCO ENRIQUEZ BRIONES','ENRIQUEZ BRIONES',4,4,'fran_9_5@hotmail.com','86617063',NULL,3,NULL,NULL,1,NULL,1,NULL,'0001-01-01 00:00:00',NULL,4,'',1,0,NULL,NULL,NULL,NULL,NULL,NULL,NULL,NULL,NULL,NULL,NULL,NULL,NULL,NULL,NULL,NULL,NULL,'2586','4','0503890372',NULL,'2017-01-05 11:13:35'),(95,'','',4,4,'',NULL,NULL,3,NULL,NULL,1,NULL,1,NULL,'0001-01-01 00:00:00',NULL,4,'',1,0,NULL,NULL,NULL,NULL,NULL,NULL,NULL,NULL,NULL,NULL,NULL,NULL,NULL,NULL,NULL,NULL,NULL,'1482','4','0114670948',NULL,'2017-01-06 07:31:23'),(96,'','',4,4,'',NULL,NULL,3,NULL,NULL,1,NULL,1,NULL,'0001-01-01 00:00:00',NULL,4,'',1,0,NULL,NULL,NULL,NULL,NULL,NULL,NULL,NULL,NULL,NULL,NULL,NULL,NULL,NULL,NULL,NULL,NULL,'1675','4','0205430940',NULL,'2017-01-06 08:25:46'),(97,'','',4,4,'',NULL,NULL,3,NULL,NULL,1,NULL,1,NULL,'0001-01-01 00:00:00',NULL,4,'',1,0,NULL,NULL,NULL,NULL,NULL,NULL,NULL,NULL,NULL,NULL,NULL,NULL,NULL,NULL,NULL,NULL,NULL,'4731','4','0207700933',NULL,'2017-01-06 18:48:40'),(98,'ELIZABETH  MARIA','SEQUEIRA  PIZARRO',4,4,'',NULL,NULL,3,NULL,NULL,1,NULL,1,NULL,'0001-01-01 00:00:00',NULL,4,'',1,0,NULL,NULL,NULL,NULL,NULL,NULL,NULL,NULL,NULL,NULL,NULL,NULL,NULL,NULL,NULL,NULL,NULL,'4642','4','0112860716',NULL,'2017-01-07 20:12:58'),(99,'TATIANA  PATRICIA MADRIGAL  CORDERO ','MADRIGAL  CORDERO',4,4,'tatimadrigalcor@gmail.com','(506)70362955',NULL,3,NULL,NULL,1,NULL,1,NULL,'0001-01-01 00:00:00',NULL,4,'',1,0,NULL,NULL,NULL,NULL,NULL,NULL,NULL,NULL,NULL,NULL,NULL,NULL,NULL,NULL,NULL,NULL,NULL,'4696','4','0113640067',NULL,'2017-01-08 21:49:15'),(100,'','',4,4,'',NULL,NULL,3,NULL,NULL,1,NULL,1,NULL,'0001-01-01 00:00:00',NULL,4,'',1,0,NULL,NULL,NULL,NULL,NULL,NULL,NULL,NULL,NULL,NULL,NULL,NULL,NULL,NULL,NULL,NULL,NULL,'3058','4','155816245333',NULL,'2017-01-09 19:10:38'),(101,'','',4,4,'',NULL,NULL,3,NULL,NULL,1,NULL,1,NULL,'0001-01-01 00:00:00',NULL,4,'',1,0,NULL,NULL,NULL,NULL,NULL,NULL,NULL,NULL,NULL,NULL,NULL,NULL,NULL,NULL,NULL,NULL,NULL,'2022','4','0206640408',NULL,'2017-01-10 15:55:15'),(102,'Gerardo Carrillo Soto','',4,4,'gerardo.carrillo@hologic.com','(506)60091159',NULL,3,NULL,NULL,1,NULL,1,NULL,'0001-01-01 00:00:00',NULL,4,'',1,0,NULL,NULL,NULL,NULL,NULL,NULL,NULL,NULL,NULL,NULL,NULL,NULL,NULL,NULL,NULL,NULL,NULL,'3523','4','0602950140',NULL,'2017-01-12 08:14:20'),(103,'MARIA FRANCELLA','MURILLO ARAYA',4,4,'',NULL,NULL,3,NULL,NULL,1,NULL,1,NULL,'0001-01-01 00:00:00',NULL,4,'',1,0,NULL,NULL,NULL,NULL,NULL,NULL,NULL,NULL,NULL,NULL,NULL,NULL,NULL,NULL,NULL,NULL,NULL,'2157','4','0206900108',NULL,'2017-01-12 08:31:06'),(104,'','',5,4,'',NULL,NULL,3,NULL,NULL,1,NULL,1,NULL,'0001-01-01 00:00:00',NULL,5,'',1,0,NULL,NULL,NULL,NULL,NULL,NULL,NULL,NULL,NULL,NULL,NULL,NULL,NULL,NULL,NULL,NULL,NULL,'1567','5','3-0403-0596',NULL,'2017-01-25 11:56:03'),(105,'','',4,4,'',NULL,NULL,3,NULL,NULL,1,NULL,1,NULL,'0001-01-01 00:00:00',NULL,4,'',1,0,NULL,NULL,NULL,NULL,NULL,NULL,NULL,NULL,NULL,NULL,NULL,NULL,NULL,NULL,NULL,NULL,NULL,'2510','4','0402200775',NULL,'2017-02-01 13:52:19'),(106,'','',4,4,'',NULL,NULL,3,NULL,NULL,1,NULL,1,NULL,'0001-01-01 00:00:00',NULL,4,'',1,0,NULL,NULL,NULL,NULL,NULL,NULL,NULL,NULL,NULL,NULL,NULL,NULL,NULL,NULL,NULL,NULL,NULL,'4716','4','0207010669',NULL,'2017-02-14 19:37:51'),(107,'','',1,4,'',NULL,NULL,3,NULL,NULL,1,NULL,1,NULL,'0001-01-01 00:00:00',NULL,1,'',1,0,NULL,NULL,NULL,NULL,NULL,NULL,NULL,NULL,NULL,NULL,NULL,NULL,NULL,NULL,NULL,NULL,NULL,'13312','1','116840454',NULL,'2017-02-26 20:05:48'),(108,'Luis Chaves Vasquez','',4,4,'luis.chaves@hologic.com','(506)85225480',NULL,3,NULL,NULL,1,NULL,1,NULL,'0001-01-01 00:00:00',NULL,4,'',1,0,NULL,NULL,NULL,NULL,NULL,NULL,NULL,NULL,NULL,NULL,NULL,NULL,NULL,NULL,NULL,NULL,NULL,'1975','4','0206550592',NULL,'2017-02-27 12:31:10'),(109,'','',1,4,'',NULL,NULL,3,NULL,NULL,1,NULL,1,NULL,'0001-01-01 00:00:00',NULL,1,'',1,0,NULL,NULL,NULL,NULL,NULL,NULL,NULL,NULL,NULL,NULL,NULL,NULL,NULL,NULL,NULL,NULL,NULL,'3724','1','112560594',NULL,'2017-03-03 14:58:45'),(110,'','',1,4,'',NULL,NULL,3,NULL,NULL,1,NULL,1,NULL,'0001-01-01 00:00:00',NULL,1,'',1,0,NULL,NULL,NULL,NULL,NULL,NULL,NULL,NULL,NULL,NULL,NULL,NULL,NULL,NULL,NULL,NULL,NULL,'13415','1','116540859',NULL,'2017-03-13 21:44:42'),(111,'TATIANA','BOLAÑOS RUGAMA',4,4,'',NULL,NULL,3,NULL,NULL,1,NULL,1,NULL,'0001-01-01 00:00:00',NULL,4,'',1,0,NULL,NULL,NULL,NULL,NULL,NULL,NULL,NULL,NULL,NULL,NULL,NULL,NULL,NULL,NULL,NULL,NULL,'4724','4','0207590775',NULL,'2017-04-01 22:07:28'),(112,'Luis Andres corra\'es','',4,4,'andrescorls@gmail.com','(506)63356629',NULL,3,NULL,NULL,1,NULL,1,NULL,'0001-01-01 00:00:00',NULL,4,'',1,0,NULL,NULL,NULL,NULL,NULL,NULL,NULL,NULL,NULL,NULL,NULL,NULL,NULL,NULL,NULL,NULL,NULL,'4794','4','0304300758',NULL,'2017-04-27 20:44:37'),(113,'','',4,4,'',NULL,NULL,3,NULL,NULL,1,NULL,1,NULL,'0001-01-01 00:00:00',NULL,4,'',1,0,NULL,NULL,NULL,NULL,NULL,NULL,NULL,NULL,NULL,NULL,NULL,NULL,NULL,NULL,NULL,NULL,NULL,'3607','4','0504070823',NULL,'2017-05-04 20:01:24'),(114,'','',4,4,'',NULL,NULL,3,NULL,NULL,1,NULL,1,NULL,'0001-01-01 00:00:00',NULL,4,'',1,0,NULL,NULL,NULL,NULL,NULL,NULL,NULL,NULL,NULL,NULL,NULL,NULL,NULL,NULL,NULL,NULL,NULL,'4742','4','0206870107',NULL,'2017-05-05 15:32:30'),(115,'Alexander cespedes','',4,4,'alexander.cespedes@hologic.com',NULL,NULL,3,NULL,NULL,1,NULL,1,NULL,'0001-01-01 00:00:00',NULL,4,'',1,0,NULL,NULL,NULL,NULL,NULL,NULL,NULL,NULL,NULL,NULL,NULL,NULL,NULL,NULL,NULL,NULL,NULL,'4746','4','0603950591',NULL,'2017-09-19 08:59:08'),(116,'Juan Perez  ','Soto',4,4,'micorreo@email.com','(506) 5555 4545',NULL,3,NULL,NULL,1,NULL,1,NULL,'0001-01-01 00:00:00',NULL,4,'',1,0,NULL,NULL,NULL,NULL,NULL,NULL,NULL,NULL,NULL,NULL,NULL,NULL,NULL,NULL,NULL,NULL,NULL,'4832','4','0201230345',NULL,'2017-09-13 17:13:35'),(117,'Flor Zuñigs','',4,4,'florzj@hotmail.com',NULL,NULL,3,NULL,NULL,1,NULL,1,NULL,'0001-01-01 00:00:00',NULL,4,'',1,0,NULL,NULL,NULL,NULL,NULL,NULL,NULL,NULL,NULL,NULL,NULL,NULL,NULL,NULL,NULL,NULL,NULL,'2350','4','0302210992',NULL,'2017-05-08 11:34:36'),(118,'LAURA SEVILLA ESPINOZA ','SEVILLA ESPINOZA',4,4,'lauid.44@hotmail.com','(506)60499093',NULL,3,NULL,NULL,1,NULL,1,NULL,'0001-01-01 00:00:00',NULL,4,'',1,0,NULL,NULL,NULL,NULL,NULL,NULL,NULL,NULL,NULL,NULL,NULL,NULL,NULL,NULL,NULL,NULL,NULL,'1504','4','0114980073',NULL,'2017-05-08 11:36:07'),(119,'Rodrigo Zúñiga ','',4,4,'rzc18@hotmail.com',NULL,NULL,3,NULL,NULL,1,NULL,1,NULL,'0001-01-01 00:00:00',NULL,4,'',1,0,NULL,NULL,NULL,NULL,NULL,NULL,NULL,NULL,NULL,NULL,NULL,NULL,NULL,NULL,NULL,NULL,NULL,'4741','4','0207190442',NULL,'2017-05-08 12:38:26'),(120,'','',4,4,'',NULL,NULL,3,NULL,NULL,1,NULL,1,NULL,'0001-01-01 00:00:00',NULL,4,'',1,0,NULL,NULL,NULL,NULL,NULL,NULL,NULL,NULL,NULL,NULL,NULL,NULL,NULL,NULL,NULL,NULL,NULL,'1506','4','0115050633',NULL,'2017-05-08 12:40:26'),(121,'SANDY PAOLA MENA ARROYO','MENA ARROYO',4,4,'sandy.mena@hologic.com','87935316',NULL,3,NULL,NULL,1,NULL,1,NULL,'0001-01-01 00:00:00',NULL,4,'',1,0,NULL,NULL,NULL,NULL,NULL,NULL,NULL,NULL,NULL,NULL,NULL,NULL,NULL,NULL,NULL,NULL,NULL,'4663','4','0116290716',NULL,'2017-05-08 12:41:40'),(122,'JOSE DAVID','ARAYA ALFARO',4,4,'',NULL,NULL,3,NULL,NULL,1,NULL,1,NULL,'0001-01-01 00:00:00',NULL,4,'',1,0,NULL,NULL,NULL,NULL,NULL,NULL,NULL,NULL,NULL,NULL,NULL,NULL,NULL,NULL,NULL,NULL,NULL,'2480','4','0401980258',NULL,'2017-05-08 12:42:13'),(123,'','',4,4,'',NULL,NULL,3,NULL,NULL,1,NULL,1,NULL,'0001-01-01 00:00:00',NULL,4,'',1,0,NULL,NULL,NULL,NULL,NULL,NULL,NULL,NULL,NULL,NULL,NULL,NULL,NULL,NULL,NULL,NULL,NULL,'1376','4','0113340103',NULL,'2017-05-08 12:44:35'),(124,'','',4,4,'',NULL,NULL,3,NULL,NULL,1,NULL,1,NULL,'0001-01-01 00:00:00',NULL,4,'',1,0,NULL,NULL,NULL,NULL,NULL,NULL,NULL,NULL,NULL,NULL,NULL,NULL,NULL,NULL,NULL,NULL,NULL,'2152','4','0206880726',NULL,'2017-05-08 13:01:13'),(125,'Jairo Jesús Salas Hernández','Salas Hernández',4,4,'chafffy@gmail.com',NULL,NULL,3,NULL,NULL,1,NULL,1,NULL,'0001-01-01 00:00:00',NULL,4,'',1,0,NULL,NULL,NULL,NULL,NULL,NULL,NULL,NULL,NULL,NULL,NULL,NULL,NULL,NULL,NULL,NULL,NULL,'2201','4','0207030387',NULL,'2017-05-08 13:04:34'),(126,'','',4,4,'',NULL,NULL,3,NULL,NULL,1,NULL,1,NULL,'0001-01-01 00:00:00',NULL,4,'',1,0,NULL,NULL,NULL,NULL,NULL,NULL,NULL,NULL,NULL,NULL,NULL,NULL,NULL,NULL,NULL,NULL,NULL,'4693','4','0115340255',NULL,'2017-05-08 13:16:40'),(127,'Angie Arias','',4,4,'aarias271@hotmail.com','89093983',NULL,3,NULL,NULL,1,NULL,1,NULL,'0001-01-01 00:00:00',NULL,4,'',1,0,NULL,NULL,NULL,NULL,NULL,NULL,NULL,NULL,NULL,NULL,NULL,NULL,NULL,NULL,NULL,NULL,NULL,'1731','4','0205760280',NULL,'2017-05-08 14:41:17'),(128,'','',4,4,'',NULL,NULL,3,NULL,NULL,1,NULL,1,NULL,'0001-01-01 00:00:00',NULL,4,'',1,0,NULL,NULL,NULL,NULL,NULL,NULL,NULL,NULL,NULL,NULL,NULL,NULL,NULL,NULL,NULL,NULL,NULL,'4728','4','0207440399',NULL,'2017-05-08 14:43:17'),(129,'María Elena Delgado Alvarado','',4,4,'elenadelgado260@gmail.com','(506)(506)60425107',NULL,3,NULL,NULL,1,NULL,1,NULL,'0001-01-01 00:00:00',NULL,4,'',1,0,NULL,NULL,NULL,NULL,NULL,NULL,NULL,NULL,NULL,NULL,NULL,NULL,NULL,NULL,NULL,NULL,NULL,'4770','4','0206910554',NULL,'2017-05-08 14:54:22'),(130,'','',4,4,'',NULL,NULL,3,NULL,NULL,1,NULL,1,NULL,'0001-01-01 00:00:00',NULL,4,'',1,0,NULL,NULL,NULL,NULL,NULL,NULL,NULL,NULL,NULL,NULL,NULL,NULL,NULL,NULL,NULL,NULL,NULL,'2158','4','0206900245',NULL,'2017-05-08 14:58:31'),(131,'DANY MONTERO TREJOS','MONTERO TREJOS',4,4,'danimontre@hotmail.com','70194476',NULL,3,NULL,NULL,1,NULL,1,NULL,'0001-01-01 00:00:00',NULL,4,'',1,0,NULL,NULL,NULL,NULL,NULL,NULL,NULL,NULL,NULL,NULL,NULL,NULL,NULL,NULL,NULL,NULL,NULL,'2278','4','0207350860',NULL,'2017-05-08 15:00:18'),(132,'Jose A Rojas M','',4,4,'www.joserojas@hotmail.es','83308764',NULL,3,NULL,NULL,1,NULL,1,NULL,'0001-01-01 00:00:00',NULL,4,'',1,0,NULL,NULL,NULL,NULL,NULL,NULL,NULL,NULL,NULL,NULL,NULL,NULL,NULL,NULL,NULL,NULL,NULL,'1700','4','0205550745',NULL,'2017-05-08 15:17:52'),(133,'','',4,4,'',NULL,NULL,3,NULL,NULL,1,NULL,1,NULL,'0001-01-01 00:00:00',NULL,4,'',1,0,NULL,NULL,NULL,NULL,NULL,NULL,NULL,NULL,NULL,NULL,NULL,NULL,NULL,NULL,NULL,NULL,NULL,'2451','4','0401870377',NULL,'2017-05-08 15:46:14'),(134,'HARLIN LOPEZ GARCIA','LOPEZ GARCIA',4,4,'harlin.2012.12@hotmail.com',NULL,NULL,3,NULL,NULL,1,NULL,1,NULL,'0001-01-01 00:00:00',NULL,4,'',1,0,NULL,NULL,NULL,NULL,NULL,NULL,NULL,NULL,NULL,NULL,NULL,NULL,NULL,NULL,NULL,NULL,NULL,'2542','4','0502950576',NULL,'2017-05-08 16:12:54'),(135,'GIANNINA YANNARELLA BRENES','YANNARELLA BRENES',4,4,'ninayb89@gmail.com',NULL,NULL,3,NULL,NULL,1,NULL,1,NULL,'0001-01-01 00:00:00',NULL,4,'',1,0,NULL,NULL,NULL,NULL,NULL,NULL,NULL,NULL,NULL,NULL,NULL,NULL,NULL,NULL,NULL,NULL,NULL,'4774','4','0114080820',NULL,'2017-05-08 17:58:32'),(136,'Eugenia Alvarado Gutierrez ','',4,4,'eugalvaguti@hotmai.com',NULL,NULL,3,NULL,NULL,1,NULL,1,NULL,'0001-01-01 00:00:00',NULL,4,'',1,0,NULL,NULL,NULL,NULL,NULL,NULL,NULL,NULL,NULL,NULL,NULL,NULL,NULL,NULL,NULL,NULL,NULL,'3037','4','155807798203',NULL,'2017-05-08 18:21:10'),(137,'KATHLEEN','DURAN ACUÑA',4,4,'',NULL,NULL,3,NULL,NULL,1,NULL,1,NULL,'0001-01-01 00:00:00',NULL,4,'',1,0,NULL,NULL,NULL,NULL,NULL,NULL,NULL,NULL,NULL,NULL,NULL,NULL,NULL,NULL,NULL,NULL,NULL,'1492','4','0114780927',NULL,'2017-05-08 19:14:58'),(138,'Edgar Carvajal ','',4,4,'edgar.0786@hotmail.com','83394363',NULL,3,NULL,NULL,1,NULL,1,NULL,'0001-01-01 00:00:00',NULL,4,'',1,0,NULL,NULL,NULL,NULL,NULL,NULL,NULL,NULL,NULL,NULL,NULL,NULL,NULL,NULL,NULL,NULL,NULL,'2465','4','0401910774',NULL,'2017-05-08 19:41:09'),(139,'','',4,4,'',NULL,NULL,3,NULL,NULL,1,NULL,1,NULL,'0001-01-01 00:00:00',NULL,4,'',1,0,NULL,NULL,NULL,NULL,NULL,NULL,NULL,NULL,NULL,NULL,NULL,NULL,NULL,NULL,NULL,NULL,NULL,'2286','4','0207370044',NULL,'2017-05-09 05:49:43'),(140,'','',4,4,'',NULL,NULL,3,NULL,NULL,1,NULL,1,NULL,'0001-01-01 00:00:00',NULL,4,'',1,0,NULL,NULL,NULL,NULL,NULL,NULL,NULL,NULL,NULL,NULL,NULL,NULL,NULL,NULL,NULL,NULL,NULL,'1855','4','0206220514',NULL,'2017-05-09 11:10:21'),(141,'','',4,4,'',NULL,NULL,3,NULL,NULL,1,NULL,1,NULL,'0001-01-01 00:00:00',NULL,4,'',1,0,NULL,NULL,NULL,NULL,NULL,NULL,NULL,NULL,NULL,NULL,NULL,NULL,NULL,NULL,NULL,NULL,NULL,'2308','4','0207460129',NULL,'2017-05-09 11:16:12'),(142,'Douglas ','',4,4,'kayadoug@hotmail.com','(506)88514524',NULL,3,NULL,NULL,1,NULL,1,NULL,'0001-01-01 00:00:00',NULL,4,'',1,0,NULL,NULL,NULL,NULL,NULL,NULL,NULL,NULL,NULL,NULL,NULL,NULL,NULL,NULL,NULL,NULL,NULL,'1185','4','0110720030',NULL,'2017-05-09 11:37:22'),(143,'','',4,4,'',NULL,NULL,3,NULL,NULL,1,NULL,1,NULL,'0001-01-01 00:00:00',NULL,4,'',1,0,NULL,NULL,NULL,NULL,NULL,NULL,NULL,NULL,NULL,NULL,NULL,NULL,NULL,NULL,NULL,NULL,NULL,'3627','4','0115950859',NULL,'2017-05-09 16:08:51'),(144,'','',4,4,'',NULL,NULL,3,NULL,NULL,1,NULL,1,NULL,'0001-01-01 00:00:00',NULL,4,'',1,0,NULL,NULL,NULL,NULL,NULL,NULL,NULL,NULL,NULL,NULL,NULL,NULL,NULL,NULL,NULL,NULL,NULL,'1599','4','0204870758',NULL,'2017-05-09 16:14:31'),(145,'','',4,4,'',NULL,NULL,3,NULL,NULL,1,NULL,1,NULL,'0001-01-01 00:00:00',NULL,4,'',1,0,NULL,NULL,NULL,NULL,NULL,NULL,NULL,NULL,NULL,NULL,NULL,NULL,NULL,NULL,NULL,NULL,NULL,'1972','4','0206550454',NULL,'2017-05-09 17:28:39'),(146,'','',4,4,'',NULL,NULL,3,NULL,NULL,1,NULL,1,NULL,'0001-01-01 00:00:00',NULL,4,'',1,0,NULL,NULL,NULL,NULL,NULL,NULL,NULL,NULL,NULL,NULL,NULL,NULL,NULL,NULL,NULL,NULL,NULL,'1066','4','0108010342',NULL,'2017-05-09 18:03:17'),(147,'VERÓNICA ALFARO VEGA ','',4,4,'veroalfaro267@gmail.com',NULL,NULL,3,NULL,NULL,1,NULL,1,NULL,'0001-01-01 00:00:00',NULL,4,'',1,0,NULL,NULL,NULL,NULL,NULL,NULL,NULL,NULL,NULL,NULL,NULL,NULL,NULL,NULL,NULL,NULL,NULL,'1978','4','0206560187',NULL,'2017-05-09 19:27:16'),(148,'Andrey Fuentes ','',4,4,'anfuentes.1705@gmail.com',NULL,NULL,3,NULL,NULL,1,NULL,1,NULL,'0001-01-01 00:00:00',NULL,4,'',1,0,NULL,NULL,NULL,NULL,NULL,NULL,NULL,NULL,NULL,NULL,NULL,NULL,NULL,NULL,NULL,NULL,NULL,'3581','4','0206600151',NULL,'2017-05-10 04:38:09'),(149,'','',4,4,'daniarayap@hotmail.com',NULL,NULL,3,NULL,NULL,1,NULL,1,NULL,'0001-01-01 00:00:00',NULL,4,'',1,0,NULL,NULL,NULL,NULL,NULL,NULL,NULL,NULL,NULL,NULL,NULL,NULL,NULL,NULL,NULL,NULL,NULL,'2103','4','0206800188',NULL,'2017-05-10 10:19:56'),(150,'BRAULIO','',4,4,'b.salas24g@gmail.com','84608905',NULL,3,NULL,NULL,1,NULL,1,NULL,'0001-01-01 00:00:00',NULL,4,'',1,0,NULL,NULL,NULL,NULL,NULL,NULL,NULL,NULL,NULL,NULL,NULL,NULL,NULL,NULL,NULL,NULL,NULL,'4652','4','0206850386',NULL,'2017-05-10 11:55:33'),(151,'Andres Jimenez Maggi','',4,4,'ajm0216.practicante@hologic.com',NULL,NULL,3,NULL,NULL,1,NULL,1,NULL,'0001-01-01 00:00:00',NULL,4,'',1,0,NULL,NULL,NULL,NULL,NULL,NULL,NULL,NULL,NULL,NULL,NULL,NULL,NULL,NULL,NULL,NULL,NULL,'4720','4','0116080466',NULL,'2017-05-10 15:12:55'),(152,'Luis Quesada','QUESADA ROJAS',4,4,'luis.quesada@hologic.com','(506)(506)88221178',NULL,3,NULL,NULL,1,NULL,1,NULL,'0001-01-01 00:00:00',NULL,4,'',1,0,NULL,NULL,NULL,NULL,NULL,NULL,NULL,NULL,NULL,NULL,NULL,NULL,NULL,NULL,NULL,NULL,NULL,'1074','4','0108440148',NULL,'2017-09-14 15:33:12'),(153,'Estefania Castro','CASTRO RIVAS',4,4,'estefania.castro@hologic.com','(506)88428872',NULL,3,NULL,NULL,1,NULL,1,NULL,'0001-01-01 00:00:00',NULL,4,'',1,0,NULL,NULL,NULL,NULL,NULL,NULL,NULL,NULL,NULL,NULL,NULL,NULL,NULL,NULL,NULL,NULL,NULL,'1472','4','0114480746',NULL,'2017-05-10 15:54:52'),(154,'VERNY MAYORGA PANIAGUA','MAYORGA PANIAGUA',4,4,'verny.mayorga@hotmail.es',NULL,NULL,3,NULL,NULL,1,NULL,1,NULL,'0001-01-01 00:00:00',NULL,4,'',1,0,NULL,NULL,NULL,NULL,NULL,NULL,NULL,NULL,NULL,NULL,NULL,NULL,NULL,NULL,NULL,NULL,NULL,'1006','4','01010810148',NULL,'2017-05-10 16:19:25'),(155,'victor romero ','',4,4,'vicycyn@hotmail.com','83381430',NULL,3,NULL,NULL,1,NULL,1,NULL,'0001-01-01 00:00:00',NULL,4,'',1,0,NULL,NULL,NULL,NULL,NULL,NULL,NULL,NULL,NULL,NULL,NULL,NULL,NULL,NULL,NULL,NULL,NULL,'1316','4','0112620473',NULL,'2017-05-10 17:50:09'),(156,'Rocío Jiménez ','',4,4,'rocio.jimenez24@hotmail.com','72890646',NULL,3,NULL,NULL,1,NULL,1,NULL,'0001-01-01 00:00:00',NULL,4,'',1,0,NULL,NULL,NULL,NULL,NULL,NULL,NULL,NULL,NULL,NULL,NULL,NULL,NULL,NULL,NULL,NULL,NULL,'1557','4','0203980634',NULL,'2017-05-11 06:13:01'),(157,'Michael Arias Arguedas','',4,4,'mic_arias1609@hotmail.com',NULL,NULL,3,NULL,NULL,1,NULL,1,NULL,'0001-01-01 00:00:00',NULL,4,'',1,0,NULL,NULL,NULL,NULL,NULL,NULL,NULL,NULL,NULL,NULL,NULL,NULL,NULL,NULL,NULL,NULL,NULL,'4798','4','0115130486',NULL,'2017-05-11 14:45:45'),(158,'Keilyn','',4,4,'keivenegas01@hotmail.com','88044186',NULL,3,NULL,NULL,1,NULL,1,NULL,'0001-01-01 00:00:00',NULL,4,'',1,0,NULL,NULL,NULL,NULL,NULL,NULL,NULL,NULL,NULL,NULL,NULL,NULL,NULL,NULL,NULL,NULL,NULL,'2299','4','0207410617',NULL,'2017-05-11 16:26:49'),(159,'Douglas Molina','',4,4,'molinadouglasj@hotmail.com','(506)72821803',NULL,3,NULL,NULL,1,NULL,1,NULL,'0001-01-01 00:00:00',NULL,4,'',1,0,NULL,NULL,NULL,NULL,NULL,NULL,NULL,NULL,NULL,NULL,NULL,NULL,NULL,NULL,NULL,NULL,NULL,'4796','4','0205830156',NULL,'2017-05-11 17:32:01'),(160,'Noe','Soto',1,1,'noe.soto@ncubo.com','','',1,'noe.soto','01e0d8325ce88df71b4ce018c4b28f93b256961a3e56d79e118ad7967fdaa78696f31111444b80d629d61dccc5f0bdf69ad66efdfbaa60fb9ef3133a9cc2c175',1,NULL,1,1,'2017-05-12 11:17:46','2017-05-12 11:17:46',2,'Ventas',0,0,NULL,NULL,NULL,0,NULL,NULL,NULL,NULL,NULL,NULL,NULL,NULL,NULL,NULL,NULL,NULL,NULL,NULL,NULL,NULL,NULL,NULL),(161,'CINDY MARIA MORA QUIROS','MORA QUIROS',4,4,'cinoly242@hotmail.com',NULL,NULL,3,NULL,NULL,1,NULL,1,NULL,'0001-01-01 00:00:00',NULL,4,'',1,0,NULL,NULL,NULL,NULL,NULL,NULL,NULL,NULL,NULL,NULL,NULL,NULL,NULL,NULL,NULL,NULL,NULL,'2249','4','0207220143',NULL,'2017-05-12 21:20:18'),(162,'DAYKEL STEWART MONGE  ARAYA','MONGE  ARAYA',4,4,'mongearayadaykel@yahoo.es','62080249',NULL,3,NULL,NULL,1,NULL,1,NULL,'0001-01-01 00:00:00',NULL,4,'',1,0,NULL,NULL,NULL,NULL,NULL,NULL,NULL,NULL,NULL,NULL,NULL,NULL,NULL,NULL,NULL,NULL,NULL,'4748','4','0702650446',NULL,'2017-05-14 16:04:08'),(163,'Kevin Antonio arana Rojas ','ARANA ROJAS',4,4,'Kvn_1234@hotmail.com','(506)87606769',NULL,3,NULL,NULL,1,NULL,1,NULL,'0001-01-01 00:00:00',NULL,4,'',1,0,NULL,NULL,NULL,NULL,NULL,NULL,NULL,NULL,NULL,NULL,NULL,NULL,NULL,NULL,NULL,NULL,NULL,'4643','4','0207310591',NULL,'2017-05-15 20:15:50'),(164,'MARILYN DIAZ DELGADO','DIAZ DELGADO',4,4,'marilyndd25@gmail.com',NULL,NULL,3,NULL,NULL,1,NULL,1,NULL,'0001-01-01 00:00:00',NULL,4,'',1,0,NULL,NULL,NULL,NULL,NULL,NULL,NULL,NULL,NULL,NULL,NULL,NULL,NULL,NULL,NULL,NULL,NULL,'2564','4','0503480253',NULL,'2017-05-16 18:18:42'),(165,'MAIKOL ROBERTO RAMIREZ ESQUIVEL','RAMIREZ ESQUIVEL',4,4,'maikol.ramirez@hologic.com','87848429',NULL,3,NULL,NULL,1,NULL,1,NULL,'0001-01-01 00:00:00',NULL,4,'',1,0,NULL,NULL,NULL,NULL,NULL,NULL,NULL,NULL,NULL,NULL,NULL,NULL,NULL,NULL,NULL,NULL,NULL,'2318','4','0207500237',NULL,'2017-05-16 22:59:16'),(166,'vanessa mora','MORA PALACIOS',4,4,'vanessamora507@gmail.com','(506)60049244',NULL,3,NULL,NULL,1,NULL,1,NULL,'0001-01-01 00:00:00',NULL,4,'',1,0,NULL,NULL,NULL,NULL,NULL,NULL,NULL,NULL,NULL,NULL,NULL,NULL,NULL,NULL,NULL,NULL,NULL,'3028','4','155804549316',NULL,'2017-05-17 11:56:50'),(167,'Andrey Oviedo','OVIEDO MENDEZ',4,4,'aoviedo6@gmail.com','(506)83232651',NULL,3,NULL,NULL,1,NULL,1,NULL,'0001-01-01 00:00:00',NULL,4,'',1,0,NULL,NULL,NULL,NULL,NULL,NULL,NULL,NULL,NULL,NULL,NULL,NULL,NULL,NULL,NULL,NULL,NULL,'4811','4','0113310229',NULL,'2017-05-18 23:26:52'),(168,'ELIECER SIBAJA ROJAS ','SIBAJA ROJAS',4,4,'itosr94@hotmail.com','61554158',NULL,3,NULL,NULL,1,NULL,1,NULL,'0001-01-01 00:00:00',NULL,4,'',1,0,NULL,NULL,NULL,NULL,NULL,NULL,NULL,NULL,NULL,NULL,NULL,NULL,NULL,NULL,NULL,NULL,NULL,'3520','4','0207310538',NULL,'2017-05-19 11:25:39'),(169,'NOEMI AGUERO  BARRIOS','AGUERO  BARRIOS ',4,4,'noemi0993@gmail.com','89497293',NULL,3,NULL,NULL,1,NULL,1,NULL,'0001-01-01 00:00:00',NULL,4,'',1,0,NULL,NULL,NULL,NULL,NULL,NULL,NULL,NULL,NULL,NULL,NULL,NULL,NULL,NULL,NULL,NULL,NULL,'4755','4','0207190337',NULL,'2017-09-17 17:02:00'),(170,'JAINER RENE RIVERA GONZALEZ ','RIVERA GONZALEZ',4,4,'janier.rivera9216@gmail.com',NULL,NULL,3,NULL,NULL,1,NULL,1,NULL,'0001-01-01 00:00:00',NULL,4,'',1,0,NULL,NULL,NULL,NULL,NULL,NULL,NULL,NULL,NULL,NULL,NULL,NULL,NULL,NULL,NULL,NULL,NULL,'3030','4','155805205210',NULL,'2017-05-21 17:53:50'),(171,'ANA TEST','PRUEBA PRUEBA',7,4,'dummy@dummy.com','(506)00000000',NULL,3,NULL,NULL,1,NULL,1,NULL,'0001-01-01 00:00:00',NULL,7,'',1,0,NULL,NULL,NULL,NULL,NULL,NULL,NULL,NULL,NULL,NULL,NULL,NULL,NULL,NULL,NULL,NULL,NULL,'1871','7','133303330',NULL,'2017-09-20 15:01:43'),(172,'-','REVOLLO CAMPOS',7,4,'sinasignar@asoseam.com','(506)00000000',NULL,3,NULL,NULL,1,NULL,1,NULL,'0001-01-01 00:00:00',NULL,7,'',1,0,NULL,NULL,NULL,NULL,NULL,NULL,NULL,NULL,NULL,NULL,NULL,NULL,NULL,NULL,NULL,NULL,NULL,'1778','7','701860211',NULL,'2017-05-23 06:41:35'),(173,'SAIDA MARIA RETANA VILLALOBOS ','RETANA VILLALOBOS',4,4,'sairetanav@gmail.com','71844162',NULL,3,NULL,NULL,1,NULL,1,NULL,'0001-01-01 00:00:00',NULL,4,'',1,0,NULL,NULL,NULL,NULL,NULL,NULL,NULL,NULL,NULL,NULL,NULL,NULL,NULL,NULL,NULL,NULL,NULL,'4818','4','0603910344',NULL,'2017-05-24 18:46:53'),(174,'Marcela Rojas Alfaro','ROJAS ALFARO',7,4,'rojasam@ucimed.com','(506)89097555',NULL,3,NULL,NULL,1,NULL,1,NULL,'0001-01-01 00:00:00',NULL,7,'',1,0,NULL,NULL,NULL,NULL,NULL,NULL,NULL,NULL,NULL,NULL,NULL,NULL,NULL,NULL,NULL,NULL,NULL,'1503','7','114860209',NULL,'2017-05-25 10:18:00'),(175,'MAUREEN MAYELA ARIAS MOLINA','ARIAS MOLINA',4,4,'mauam.25@gmail.com','85406932',NULL,3,NULL,NULL,1,NULL,1,NULL,'0001-01-01 00:00:00',NULL,4,'',1,0,NULL,NULL,NULL,NULL,NULL,NULL,NULL,NULL,NULL,NULL,NULL,NULL,NULL,NULL,NULL,NULL,NULL,'1942','4','0206490110',NULL,'2017-05-27 11:02:05'),(176,'HENRY  MANUEL CRUZ MARTINEZ','CRUZ MARTINEZ',4,4,'tatucm121@gmail.com',NULL,NULL,3,NULL,NULL,1,NULL,1,NULL,'0001-01-01 00:00:00',NULL,4,'',1,0,NULL,NULL,NULL,NULL,NULL,NULL,NULL,NULL,NULL,NULL,NULL,NULL,NULL,NULL,NULL,NULL,NULL,'3594','4','0207610973',NULL,'2017-05-29 16:18:01'),(177,'FRANKLIN  JOSE NARANJO CAMBRONERO','NARANJO CAMBRONERO ',4,4,'frannc_93@hotmail.com','61594892',NULL,3,NULL,NULL,1,NULL,1,NULL,'0001-01-01 00:00:00',NULL,4,'',1,0,NULL,NULL,NULL,NULL,NULL,NULL,NULL,NULL,NULL,NULL,NULL,NULL,NULL,NULL,NULL,NULL,NULL,'3584','4','0604060906',NULL,'2017-05-30 20:17:02'),(178,'JESUS  ANTONIO LEON  ARROYO ','LEON  ARROYO ',4,4,'jesusleonarroyo17@gmail.com','84447505',NULL,3,NULL,NULL,1,NULL,1,NULL,'0001-01-01 00:00:00',NULL,4,'',1,0,NULL,NULL,NULL,NULL,NULL,NULL,NULL,NULL,NULL,NULL,NULL,NULL,NULL,NULL,NULL,NULL,NULL,'4717','4','0207270694',NULL,'2017-05-30 23:02:25'),(179,'KAREN ','HERRA ESCOBAR',7,4,'',NULL,NULL,3,NULL,NULL,1,NULL,1,NULL,'0001-01-01 00:00:00',NULL,7,'',1,0,NULL,NULL,NULL,NULL,NULL,NULL,NULL,NULL,NULL,NULL,NULL,NULL,NULL,NULL,NULL,NULL,NULL,'1521','7','115620602',NULL,'2017-05-31 12:38:40'),(180,'HAROLD ACOSTA VILLALOBOS','ACOSTA VILLALOBOS',4,4,'harold.acosta@hologic.com',NULL,NULL,3,NULL,NULL,1,NULL,1,NULL,'0001-01-01 00:00:00',NULL,4,'',1,0,NULL,NULL,NULL,NULL,NULL,NULL,NULL,NULL,NULL,NULL,NULL,NULL,NULL,NULL,NULL,NULL,NULL,'1134','4','0109870572',NULL,'2017-05-31 14:46:01'),(181,'JOSE DANIEL ARCE ARAYA','ARCE ARAYA',4,4,'jose.arce@hologic.com','88127090',NULL,3,NULL,NULL,1,NULL,1,NULL,'0001-01-01 00:00:00',NULL,4,'',1,0,NULL,NULL,NULL,NULL,NULL,NULL,NULL,NULL,NULL,NULL,NULL,NULL,NULL,NULL,NULL,NULL,NULL,'3624','4','0207130875',NULL,'2017-05-31 19:04:25'),(182,'MARIELA ','SOLANO OROZCO',4,4,'',NULL,NULL,3,NULL,NULL,1,NULL,1,NULL,'0001-01-01 00:00:00',NULL,4,'',1,0,NULL,NULL,NULL,NULL,NULL,NULL,NULL,NULL,NULL,NULL,NULL,NULL,NULL,NULL,NULL,NULL,NULL,'2420','4','0401690937',NULL,'2017-06-02 11:38:55'),(183,'Vilma Rojas Garbanzo','ROJAS GARBANZO',7,4,'rojasgv@ucimed.com','(506)83852800',NULL,3,NULL,NULL,1,NULL,1,NULL,'0001-01-01 00:00:00',NULL,7,'',1,0,NULL,NULL,NULL,NULL,NULL,NULL,NULL,NULL,NULL,NULL,NULL,NULL,NULL,NULL,NULL,NULL,NULL,'1694','7','304500119',NULL,'2017-06-08 08:37:23'),(184,'Yeison Araya Meléndez ','Araya Melendez',4,4,'yege1560@outlook.com','(506)72232704',NULL,3,NULL,NULL,1,NULL,1,NULL,'0001-01-01 00:00:00',NULL,4,'',1,0,NULL,NULL,NULL,NULL,NULL,NULL,NULL,NULL,NULL,NULL,NULL,NULL,NULL,NULL,NULL,NULL,NULL,'2310','4','0207470259',NULL,'2017-09-14 15:03:17'),(185,'ELADIO SANCHEZ CORTES ','SANCHEZ CORTES',4,4,'Eladio.Sanchez@hologic.com','84823254',NULL,3,NULL,NULL,1,NULL,1,NULL,'0001-01-01 00:00:00',NULL,4,'',1,0,NULL,NULL,NULL,NULL,NULL,NULL,NULL,NULL,NULL,NULL,NULL,NULL,NULL,NULL,NULL,NULL,NULL,'2408','4','0401490356',NULL,'2017-06-11 13:24:43'),(186,'DIANA ALFARO ARIAS','ALFARO ARIAS',4,4,'diana.alfaro.585@gmail.com','61728996',NULL,3,NULL,NULL,1,NULL,1,NULL,'0001-01-01 00:00:00',NULL,4,'',1,0,NULL,NULL,NULL,NULL,NULL,NULL,NULL,NULL,NULL,NULL,NULL,NULL,NULL,NULL,NULL,NULL,NULL,'4678','4','0207420289',NULL,'2017-06-13 12:23:49'),(187,'LAURA MURILLO LOPEZ   ','MURILLO LOPEZ',4,4,'lauramuriilolopez53@gmail.com','88771664',NULL,3,NULL,NULL,1,NULL,1,NULL,'0001-01-01 00:00:00',NULL,4,'',1,0,NULL,NULL,NULL,NULL,NULL,NULL,NULL,NULL,NULL,NULL,NULL,NULL,NULL,NULL,NULL,NULL,NULL,'1899','4','0206370479',NULL,'2017-06-15 21:52:42'),(188,'JORGE EDUARDO CHAVES JIMENEZ','CHAVES JIMENEZ',7,4,'jchaves04@hotmail.com','72043532',NULL,3,NULL,NULL,1,NULL,1,NULL,'0001-01-01 00:00:00',NULL,7,'',1,0,NULL,NULL,NULL,NULL,NULL,NULL,NULL,NULL,NULL,NULL,NULL,NULL,NULL,NULL,NULL,NULL,NULL,'1358','7','112080280',NULL,'2017-06-16 21:40:47'),(189,'PATRICIA ALFARO  OBANDO','ALFARO  OBANDO ',4,4,'patricia.alfaro@hologic.com','62249494',NULL,3,NULL,NULL,1,NULL,1,NULL,'0001-01-01 00:00:00',NULL,4,'',1,0,NULL,NULL,NULL,NULL,NULL,NULL,NULL,NULL,NULL,NULL,NULL,NULL,NULL,NULL,NULL,NULL,NULL,'3544','4','0109260317',NULL,'2017-06-19 13:32:59'),(190,'YORLENY PORRAS CALVO','PORRAS CALVO',7,4,'porrascy@ucimed.com','84044644',NULL,3,NULL,NULL,1,NULL,1,NULL,'0001-01-01 00:00:00',NULL,7,'',1,0,NULL,NULL,NULL,NULL,NULL,NULL,NULL,NULL,NULL,NULL,NULL,NULL,NULL,NULL,NULL,NULL,NULL,'1593','7','204870737',NULL,'2017-06-21 14:48:18'),(191,'YOSELIN LOPEZ ARIAS ','LOPEZ ARIAS',7,4,'josss22792@live.com','86329939',NULL,3,NULL,NULL,1,NULL,1,NULL,'0001-01-01 00:00:00',NULL,7,'',1,0,NULL,NULL,NULL,NULL,NULL,NULL,NULL,NULL,NULL,NULL,NULL,NULL,NULL,NULL,NULL,NULL,NULL,'1629','7','207040066',NULL,'2017-06-21 14:49:43'),(192,'Test','ARAGON  GARCIA',4,4,'trst@h.com','(506)89653890',NULL,3,NULL,NULL,1,NULL,1,NULL,'0001-01-01 00:00:00',NULL,4,'',1,0,NULL,NULL,NULL,NULL,NULL,NULL,NULL,NULL,NULL,NULL,NULL,NULL,NULL,NULL,NULL,NULL,NULL,'3051','4','155812347017',NULL,'2017-06-21 15:11:20'),(193,'ARACELLY CORRALES MESEN ','CORRALES MESEN',7,4,'chelycorrales91@gmail.com','61857199',NULL,3,NULL,NULL,1,NULL,1,NULL,'0001-01-01 00:00:00',NULL,7,'',1,0,NULL,NULL,NULL,NULL,NULL,NULL,NULL,NULL,NULL,NULL,NULL,NULL,NULL,NULL,NULL,NULL,NULL,'1501','7','114800488',NULL,'2017-06-21 18:31:00'),(194,'jacqueline madrigal','MATARRITA  MADRIGAL ',4,4,'madrigaljacki@gmail.com','(506)61536570',NULL,3,NULL,NULL,1,NULL,1,NULL,'0001-01-01 00:00:00',NULL,4,'',1,0,NULL,NULL,NULL,NULL,NULL,NULL,NULL,NULL,NULL,NULL,NULL,NULL,NULL,NULL,NULL,NULL,NULL,'4714','4','0207470784',NULL,'2017-06-21 20:13:23'),(195,'MARIA EUGENIA CALVO CASTRO','CALVO CASTRO',7,4,'calvocm@ucimed.com',NULL,NULL,3,NULL,NULL,1,NULL,1,NULL,'0001-01-01 00:00:00',NULL,7,'',1,0,NULL,NULL,NULL,NULL,NULL,NULL,NULL,NULL,NULL,NULL,NULL,NULL,NULL,NULL,NULL,NULL,NULL,'1422','7','113230575',NULL,'2017-06-22 09:21:05'),(196,'LUIS GUILLERMO','BADILLA LOPEZ',7,4,'',NULL,NULL,3,NULL,NULL,1,NULL,1,NULL,'0001-01-01 00:00:00',NULL,7,'',1,0,NULL,NULL,NULL,NULL,NULL,NULL,NULL,NULL,NULL,NULL,NULL,NULL,NULL,NULL,NULL,NULL,NULL,'1091','7','105970761',NULL,'2017-06-22 12:15:27'),(197,'CARMEN RAMIREZ CHAVARRIA','RAMIREZ CHAVARRIA',7,4,'caracha2@hotmail.com','83140920',NULL,3,NULL,NULL,1,NULL,1,NULL,'0001-01-01 00:00:00',NULL,7,'',1,0,NULL,NULL,NULL,NULL,NULL,NULL,NULL,NULL,NULL,NULL,NULL,NULL,NULL,NULL,NULL,NULL,NULL,'1182','7','108970511',NULL,'2017-06-23 07:24:02'),(198,'DOUGLAS BARRANTES UMAÑA','BARRANTES UMAÑA',7,4,'douglasbarrantes@hotmail.com',NULL,NULL,3,NULL,NULL,1,NULL,1,NULL,'0001-01-01 00:00:00',NULL,7,'',1,0,NULL,NULL,NULL,NULL,NULL,NULL,NULL,NULL,NULL,NULL,NULL,NULL,NULL,NULL,NULL,NULL,NULL,'1216','7','109690849',NULL,'2017-06-24 06:12:04'),(199,'BILIDEY ROJAS SERRANO','ROJAS SERRANO',4,4,'bilidey.rojas@gmail.com','72009570',NULL,3,NULL,NULL,1,NULL,1,NULL,'0001-01-01 00:00:00',NULL,4,'',1,0,NULL,NULL,NULL,NULL,NULL,NULL,NULL,NULL,NULL,NULL,NULL,NULL,NULL,NULL,NULL,NULL,NULL,'1260','4','0111690365',NULL,'2017-06-26 14:03:51'),(200,'PRISCILLA ','CHACON VILLALOBOS',4,4,'',NULL,NULL,3,NULL,NULL,1,NULL,1,NULL,'0001-01-01 00:00:00',NULL,4,'',1,0,NULL,NULL,NULL,NULL,NULL,NULL,NULL,NULL,NULL,NULL,NULL,NULL,NULL,NULL,NULL,NULL,NULL,'3573','4','0114300847',NULL,'2017-06-27 09:20:49'),(201,'MAUREEN ALFARO VIQUEZ','ALFARO VIQUEZ',4,4,'morroalfaro24@gmail.com','88510744',NULL,3,NULL,NULL,1,NULL,1,NULL,'0001-01-01 00:00:00',NULL,4,'',1,0,NULL,NULL,NULL,NULL,NULL,NULL,NULL,NULL,NULL,NULL,NULL,NULL,NULL,NULL,NULL,NULL,NULL,'1067','4','0108110889',NULL,'2017-06-27 09:23:11'),(202,'Yefry Vargas Quesada','Vargas Quesada',4,4,'jeffryvargas10@hotmail.com','61180628',NULL,3,NULL,NULL,1,NULL,1,NULL,'0001-01-01 00:00:00',NULL,4,'',1,0,NULL,NULL,NULL,NULL,NULL,NULL,NULL,NULL,NULL,NULL,NULL,NULL,NULL,NULL,NULL,NULL,NULL,'2226','4','0207120887',NULL,'2017-09-16 08:27:55'),(203,'JOSUE ','VIQUEZ ALPIZAR',4,4,'',NULL,NULL,3,NULL,NULL,1,NULL,1,NULL,'0001-01-01 00:00:00',NULL,4,'',1,0,NULL,NULL,NULL,NULL,NULL,NULL,NULL,NULL,NULL,NULL,NULL,NULL,NULL,NULL,NULL,NULL,NULL,'3626','4','0304610524',NULL,'2017-06-28 10:51:04'),(204,'ISABEL MIRANDA JIMENEZ','MIRANDA JIMENEZ',4,4,'isa25.miranda@gmail.com','22444582',NULL,3,NULL,NULL,1,NULL,1,NULL,'0001-01-01 00:00:00',NULL,4,'',1,0,NULL,NULL,NULL,NULL,NULL,NULL,NULL,NULL,NULL,NULL,NULL,NULL,NULL,NULL,NULL,NULL,NULL,'1132','4','0109850966',NULL,'2017-06-29 05:13:49'),(205,'wilfrido matarrita zuñiga','MATARRITA ZUÑIGA',4,4,'wilfrido.matarrita@hologic.com','(506)71051932',NULL,3,NULL,NULL,1,NULL,1,NULL,'0001-01-01 00:00:00',NULL,4,'',1,0,NULL,NULL,NULL,NULL,NULL,NULL,NULL,NULL,NULL,NULL,NULL,NULL,NULL,NULL,NULL,NULL,NULL,'2614','4','0602690841',NULL,'2017-06-29 20:59:22'),(206,'LUIS CARLOS','CAMPOS SEGURA',4,4,'',NULL,NULL,3,NULL,NULL,1,NULL,1,NULL,'0001-01-01 00:00:00',NULL,4,'',1,0,NULL,NULL,NULL,NULL,NULL,NULL,NULL,NULL,NULL,NULL,NULL,NULL,NULL,NULL,NULL,NULL,NULL,'3518','4','0206280628',NULL,'2017-06-30 15:56:41'),(207,'Dunia Murillo Sibaja','MURILLO SIBAJA',4,4,'dunia.murillo@hologic.com','(506)83244202',NULL,3,NULL,NULL,1,NULL,1,NULL,'0001-01-01 00:00:00',NULL,4,'',1,0,NULL,NULL,NULL,NULL,NULL,NULL,NULL,NULL,NULL,NULL,NULL,NULL,NULL,NULL,NULL,NULL,NULL,'1240','4','0111450231',NULL,'2017-09-19 16:10:55'),(208,'NILO ','CARAVACA GARCÉS',4,4,'',NULL,NULL,3,NULL,NULL,1,NULL,1,NULL,'0001-01-01 00:00:00',NULL,4,'',1,0,NULL,NULL,NULL,NULL,NULL,NULL,NULL,NULL,NULL,NULL,NULL,NULL,NULL,NULL,NULL,NULL,NULL,'1057','4','0107830984',NULL,'2017-09-19 09:37:45'),(209,'DAHIANA M QUESADA CHAVES','QUESADA CHAVES',7,4,'nanaqch@hotmail.com','88047902',NULL,3,NULL,NULL,1,NULL,1,NULL,'0001-01-01 00:00:00',NULL,7,'',1,0,NULL,NULL,NULL,NULL,NULL,NULL,NULL,NULL,NULL,NULL,NULL,NULL,NULL,NULL,NULL,NULL,NULL,'1627','7','206980545',NULL,'2017-07-03 07:24:05'),(210,'KRISSIA MARIA ALFARO RECIO','ALFARO RECIO',7,4,'kriss.alfaro30@hotmail.com','60218792',NULL,3,NULL,NULL,1,NULL,1,NULL,'0001-01-01 00:00:00',NULL,7,'',1,0,NULL,NULL,NULL,NULL,NULL,NULL,NULL,NULL,NULL,NULL,NULL,NULL,NULL,NULL,NULL,NULL,NULL,'1877','7','603980571',NULL,'2017-07-03 07:26:52'),(211,'ANDRES FELIPE VARGAS RADA ','VARGAS RADA',7,4,'andrespipe_86@hotmail.com','83156798',NULL,3,NULL,NULL,1,NULL,1,NULL,'0001-01-01 00:00:00',NULL,7,'',1,0,NULL,NULL,NULL,NULL,NULL,NULL,NULL,NULL,NULL,NULL,NULL,NULL,NULL,NULL,NULL,NULL,NULL,'1532','7','117001892420',NULL,'2017-07-03 11:24:59'),(212,'RAUL RODRIGUEZ SOTELA','RODRIGUEZ SOTELA',7,4,'rsotela1967@gmail.com','86267983',NULL,3,NULL,NULL,1,NULL,1,NULL,'0001-01-01 00:00:00',NULL,7,'',1,0,NULL,NULL,NULL,NULL,NULL,NULL,NULL,NULL,NULL,NULL,NULL,NULL,NULL,NULL,NULL,NULL,NULL,'1122','7','107130236',NULL,'2017-07-03 11:39:19'),(213,'GREIVIN AGUERO SOLANO ','AGUERO SOLANO',7,4,'greivinaguero54@gmail.com','87764261',NULL,3,NULL,NULL,1,NULL,1,NULL,'0001-01-01 00:00:00',NULL,7,'',1,0,NULL,NULL,NULL,NULL,NULL,NULL,NULL,NULL,NULL,NULL,NULL,NULL,NULL,NULL,NULL,NULL,NULL,'1346','7','111850713',NULL,'2017-07-03 12:10:16'),(214,'XINIA MARIA','MORA PORRAS',7,4,'',NULL,NULL,3,NULL,NULL,1,NULL,1,NULL,'0001-01-01 00:00:00',NULL,7,'',1,0,NULL,NULL,NULL,NULL,NULL,NULL,NULL,NULL,NULL,NULL,NULL,NULL,NULL,NULL,NULL,NULL,NULL,'1069','7','105450164',NULL,'2017-07-04 14:20:35'),(215,'SOFIA ','CARMONA CASCANTE',7,4,'',NULL,NULL,3,NULL,NULL,1,NULL,1,NULL,'0001-01-01 00:00:00',NULL,7,'',1,0,NULL,NULL,NULL,NULL,NULL,NULL,NULL,NULL,NULL,NULL,NULL,NULL,NULL,NULL,NULL,NULL,NULL,'1411','7','113120073',NULL,'2017-07-04 20:28:57'),(216,'Jose Corrales','CORRALES PACHECO',4,4,'jose.corrales@hologic.com','(506)83252310',NULL,3,NULL,NULL,1,NULL,1,NULL,'0001-01-01 00:00:00',NULL,4,'',1,0,NULL,NULL,NULL,NULL,NULL,NULL,NULL,NULL,NULL,NULL,NULL,NULL,NULL,NULL,NULL,NULL,NULL,'1265','4','0111780873',NULL,'2017-07-05 14:08:12'),(217,'ALVARO ENRIQUE MARTINEZ ZUMBADO','MARTINEZ ZUMBADO',7,4,'alvmart25@gmail.com','83486075',NULL,3,NULL,NULL,1,NULL,1,NULL,'0001-01-01 00:00:00',NULL,7,'',1,0,NULL,NULL,NULL,NULL,NULL,NULL,NULL,NULL,NULL,NULL,NULL,NULL,NULL,NULL,NULL,NULL,NULL,'1739','7','401330938',NULL,'2017-07-06 14:35:29'),(218,'MARIA DEL CARMEN GARCIA GONZALEZ ','GARCIA GONZALEZ',7,4,'garciagm@icimed.cr','(506)88841585',NULL,3,NULL,NULL,1,NULL,1,NULL,'0001-01-01 00:00:00',NULL,7,'',1,0,NULL,NULL,NULL,NULL,NULL,NULL,NULL,NULL,NULL,NULL,NULL,NULL,NULL,NULL,NULL,NULL,NULL,'1205','7','109440390',NULL,'2017-07-06 15:03:51'),(219,'JIMMY RAMIREZ MONGE','RAMIREZ MONGE',7,4,'camotico17@hotmail.com','87504377',NULL,3,NULL,NULL,1,NULL,1,NULL,'0001-01-01 00:00:00',NULL,7,'',1,0,NULL,NULL,NULL,NULL,NULL,NULL,NULL,NULL,NULL,NULL,NULL,NULL,NULL,NULL,NULL,NULL,NULL,'1511','7','115060797',NULL,'2017-07-07 05:05:44'),(220,'OSCAR ','ACUÑA QUESADA',4,4,'',NULL,NULL,3,NULL,NULL,1,NULL,1,NULL,'0001-01-01 00:00:00',NULL,4,'',1,0,NULL,NULL,NULL,NULL,NULL,NULL,NULL,NULL,NULL,NULL,NULL,NULL,NULL,NULL,NULL,NULL,NULL,'1035','4','0107170853',NULL,'2017-07-07 11:20:44'),(221,'RANDALL ALVARADO ELIZONDO','ALVARADO ELIZONDO',4,4,'randalae@hotmail.com','24383385',NULL,3,NULL,NULL,1,NULL,1,NULL,'0001-01-01 00:00:00',NULL,4,'',1,0,NULL,NULL,NULL,NULL,NULL,NULL,NULL,NULL,NULL,NULL,NULL,NULL,NULL,NULL,NULL,NULL,NULL,'3577','4','0503810744',NULL,'2017-07-08 04:59:30'),(222,'FRANCISCO ALEJANDRO BONILLA ALVARADO ','BONILLA ALVARADO',7,4,'bonillaaf@ucimed.com','(506)(506)86335300',NULL,3,NULL,NULL,1,NULL,1,NULL,'0001-01-01 00:00:00',NULL,7,'',1,0,NULL,NULL,NULL,NULL,NULL,NULL,NULL,NULL,NULL,NULL,NULL,NULL,NULL,NULL,NULL,NULL,NULL,'1512','7','115130339',NULL,'2017-07-11 10:38:47'),(223,'DILAN EDUARDO CHAVARRIA LORIA','CHAVARRIA LORIA',4,4,'eduardoloria58@gmail.com','72500063',NULL,3,NULL,NULL,1,NULL,1,NULL,'0001-01-01 00:00:00',NULL,4,'',1,0,NULL,NULL,NULL,NULL,NULL,NULL,NULL,NULL,NULL,NULL,NULL,NULL,NULL,NULL,NULL,NULL,NULL,'4822','4','0117060147',NULL,'2017-07-11 12:35:09'),(224,'MARCELA VILLALOBOS ULATE ','VILLALOBOS ULATE',7,4,'dramarcelavillalobosulate@gmail.com','88198574',NULL,3,NULL,NULL,1,NULL,1,NULL,'0001-01-01 00:00:00',NULL,7,'',1,0,NULL,NULL,NULL,NULL,NULL,NULL,NULL,NULL,NULL,NULL,NULL,NULL,NULL,NULL,NULL,NULL,NULL,'1314','7','111410563',NULL,'2017-07-11 13:47:05'),(225,'Emily ','Villegas Camacho',4,4,'',NULL,NULL,3,NULL,NULL,1,NULL,1,NULL,'0001-01-01 00:00:00',NULL,4,'',1,0,NULL,NULL,NULL,NULL,NULL,NULL,NULL,NULL,NULL,NULL,NULL,NULL,NULL,NULL,NULL,NULL,NULL,'2232','4','0207160124',NULL,'2017-07-11 16:44:53'),(226,'WAINER GERARDO DELGADO ARAYA','DELGADO ARAYA',4,4,'tyway_6@hotmail.com','84105498',NULL,3,NULL,NULL,1,NULL,1,NULL,'0001-01-01 00:00:00',NULL,4,'',1,0,NULL,NULL,NULL,NULL,NULL,NULL,NULL,NULL,NULL,NULL,NULL,NULL,NULL,NULL,NULL,NULL,NULL,'2730','4','0702030859',NULL,'2017-07-11 20:04:18'),(227,'JUAN CARLOS ALANIZ ALVAREZ','ALANIZ ALVAREZ',4,4,'juan.alaniz@hologic.com','89202474',NULL,3,NULL,NULL,1,NULL,1,NULL,'0001-01-01 00:00:00',NULL,4,'',1,0,NULL,NULL,NULL,NULL,NULL,NULL,NULL,NULL,NULL,NULL,NULL,NULL,NULL,NULL,NULL,NULL,NULL,'1342','4','0112970124',NULL,'2017-07-12 07:11:05'),(228,'Carlos Andrés','Arias Araya',4,4,'',NULL,NULL,3,NULL,NULL,1,NULL,1,NULL,'0001-01-01 00:00:00',NULL,4,'',1,0,NULL,NULL,NULL,NULL,NULL,NULL,NULL,NULL,NULL,NULL,NULL,NULL,NULL,NULL,NULL,NULL,NULL,'2241','4','0207200244',NULL,'2017-07-12 14:33:44'),(229,'Bryan Soto','Soto Umaña',4,4,'bryan.soto@hologic.com','(506)71115218',NULL,3,NULL,NULL,1,NULL,1,NULL,'0001-01-01 00:00:00',NULL,4,'',1,0,NULL,NULL,NULL,NULL,NULL,NULL,NULL,NULL,NULL,NULL,NULL,NULL,NULL,NULL,NULL,NULL,NULL,'1289','4','0112170501',NULL,'2017-07-13 10:45:55'),(230,'ANDRES ','SOTILLO SABORIO',7,4,'',NULL,NULL,3,NULL,NULL,1,NULL,1,NULL,'0001-01-01 00:00:00',NULL,7,'',1,0,NULL,NULL,NULL,NULL,NULL,NULL,NULL,NULL,NULL,NULL,NULL,NULL,NULL,NULL,NULL,NULL,NULL,'1277','7','110720056',NULL,'2017-07-13 11:01:26'),(231,'MAUREEN ','MAROTO ROMAN',7,4,'',NULL,NULL,3,NULL,NULL,1,NULL,1,NULL,'0001-01-01 00:00:00',NULL,7,'',1,0,NULL,NULL,NULL,NULL,NULL,NULL,NULL,NULL,NULL,NULL,NULL,NULL,NULL,NULL,NULL,NULL,NULL,'1409','7','113100296',NULL,'2017-07-13 11:14:40'),(232,'ALEJANDRA MORALES ROJAS','MORALES ROJAS',4,4,'alemr14@gmail.com','89211762',NULL,3,NULL,NULL,1,NULL,1,NULL,'0001-01-01 00:00:00',NULL,4,'',1,0,NULL,NULL,NULL,NULL,NULL,NULL,NULL,NULL,NULL,NULL,NULL,NULL,NULL,NULL,NULL,NULL,NULL,'4847','4','0207230064',NULL,'2017-07-13 13:16:23'),(233,'YERNALD ','PACHECO BRUMLEY',7,4,'',NULL,NULL,3,NULL,NULL,1,NULL,1,NULL,'0001-01-01 00:00:00',NULL,7,'',1,0,NULL,NULL,NULL,NULL,NULL,NULL,NULL,NULL,NULL,NULL,NULL,NULL,NULL,NULL,NULL,NULL,NULL,'1524','7','115950057',NULL,'2017-07-13 15:26:44'),(234,'Greivin Campos cambronero','CAMPOS CAMBRONERO',4,4,'greivin.campos@hologic.com','(506)70631776',NULL,3,NULL,NULL,1,NULL,1,NULL,'0001-01-01 00:00:00',NULL,4,'',1,0,NULL,NULL,NULL,NULL,NULL,NULL,NULL,NULL,NULL,NULL,NULL,NULL,NULL,NULL,NULL,NULL,NULL,'1774','4','0205950147',NULL,'2017-07-13 18:26:03'),(235,'FERNANDA ','QUESADA AGUILAR',7,4,'',NULL,NULL,3,NULL,NULL,1,NULL,1,NULL,'0001-01-01 00:00:00',NULL,7,'',1,0,NULL,NULL,NULL,NULL,NULL,NULL,NULL,NULL,NULL,NULL,NULL,NULL,NULL,NULL,NULL,NULL,NULL,'1631','7','207520534',NULL,'2017-07-13 21:38:28'),(236,'NATALIA MARIA FONSECA MALAVASI','FONSECA MALAVASI',4,4,'natalia.fonseca@hologic.com',NULL,NULL,3,NULL,NULL,1,NULL,1,NULL,'0001-01-01 00:00:00',NULL,4,'',1,0,NULL,NULL,NULL,NULL,NULL,NULL,NULL,NULL,NULL,NULL,NULL,NULL,NULL,NULL,NULL,NULL,NULL,'1515','4','0115500408',NULL,'2017-07-14 14:59:49'),(237,'MARIO ','CHACON VARGAS',7,4,'',NULL,NULL,3,NULL,NULL,1,NULL,1,NULL,'0001-01-01 00:00:00',NULL,7,'',1,0,NULL,NULL,NULL,NULL,NULL,NULL,NULL,NULL,NULL,NULL,NULL,NULL,NULL,NULL,NULL,NULL,NULL,'1114','7','106430904',NULL,'2017-07-15 18:55:20'),(238,'MARIO  ALBERTO MONTERO MENDEZ','MONTERO MENDEZ',4,4,'mariomontero29@hotmail.com',NULL,NULL,3,NULL,NULL,1,NULL,1,NULL,'0001-01-01 00:00:00',NULL,4,'',1,0,NULL,NULL,NULL,NULL,NULL,NULL,NULL,NULL,NULL,NULL,NULL,NULL,NULL,NULL,NULL,NULL,NULL,'4752','4','0205650069',NULL,'2017-07-16 19:44:51'),(239,'JOSE CARLOS','FONSECA RODRIGUEZ',7,4,'',NULL,NULL,3,NULL,NULL,1,NULL,1,NULL,'0001-01-01 00:00:00',NULL,7,'',1,0,NULL,NULL,NULL,NULL,NULL,NULL,NULL,NULL,NULL,NULL,NULL,NULL,NULL,NULL,NULL,NULL,NULL,'1619','7','206560418',NULL,'2017-07-17 15:23:25'),(240,'KATTIA VANESA UMAÑA ARIAS ','UMAÑA ARIAS',4,4,'katy_ua_21@hotmail.com','83158864',NULL,3,NULL,NULL,1,NULL,1,NULL,'0001-01-01 00:00:00',NULL,4,'',1,0,NULL,NULL,NULL,NULL,NULL,NULL,NULL,NULL,NULL,NULL,NULL,NULL,NULL,NULL,NULL,NULL,NULL,'1926','4','0206640180',NULL,'2017-07-17 23:39:50'),(241,'KAREN MENDEZ ALAS ','MENDEZ ALAS',7,4,'kmalas26@gmail.com','88161852',NULL,3,NULL,NULL,1,NULL,1,NULL,'0001-01-01 00:00:00',NULL,7,'',1,0,NULL,NULL,NULL,NULL,NULL,NULL,NULL,NULL,NULL,NULL,NULL,NULL,NULL,NULL,NULL,NULL,NULL,'1311','7','111350637',NULL,'2017-07-18 05:51:33'),(242,'EDGAR LOBO AVILA','LOBO AVILA',4,4,'edgar.lobo@gmail.com','88887494',NULL,3,NULL,NULL,1,NULL,1,NULL,'0001-01-01 00:00:00',NULL,4,'',1,0,NULL,NULL,NULL,NULL,NULL,NULL,NULL,NULL,NULL,NULL,NULL,NULL,NULL,NULL,NULL,NULL,NULL,'4867','4','0206350258',NULL,'2017-07-18 16:08:25'),(243,'MARIA DEL ROCIO','ESPINOZA VENEGAS',4,4,'',NULL,NULL,3,NULL,NULL,1,NULL,1,NULL,'0001-01-01 00:00:00',NULL,4,'',1,0,NULL,NULL,NULL,NULL,NULL,NULL,NULL,NULL,NULL,NULL,NULL,NULL,NULL,NULL,NULL,NULL,NULL,'1555','4','0203940007',NULL,'2017-07-19 10:55:07'),(244,'LUIS CARLOS MORALES LEON','MORALES LEON',4,4,'moralesluisitcr@gmail.com','83282068',NULL,3,NULL,NULL,1,NULL,1,NULL,'0001-01-01 00:00:00',NULL,4,'',1,0,NULL,NULL,NULL,NULL,NULL,NULL,NULL,NULL,NULL,NULL,NULL,NULL,NULL,NULL,NULL,NULL,NULL,'4870','4','0110110782',NULL,'2017-07-19 18:34:45'),(245,'ROSA VIRGINIA','ABARCA CHAVES',5,4,'',NULL,NULL,3,NULL,NULL,1,NULL,1,NULL,'0001-01-01 00:00:00',NULL,5,'',1,0,NULL,NULL,NULL,NULL,NULL,NULL,NULL,NULL,NULL,NULL,NULL,NULL,NULL,NULL,NULL,NULL,NULL,'1884','5','601430634',NULL,'2017-09-15 17:57:30'),(246,'MELISSA ','LOPEZ BRICENO',4,4,'',NULL,NULL,3,NULL,NULL,1,NULL,1,NULL,'0001-01-01 00:00:00',NULL,4,'',1,0,NULL,NULL,NULL,NULL,NULL,NULL,NULL,NULL,NULL,NULL,NULL,NULL,NULL,NULL,NULL,NULL,NULL,'4800','4','0110200755',NULL,'2017-07-21 08:33:28'),(247,'CARLOS GUTIERREZ CORDERO','GUTIERREZ CORDERO',4,4,'krsgeo@gmail.com','83509331',NULL,3,NULL,NULL,1,NULL,1,NULL,'0001-01-01 00:00:00',NULL,4,'',1,0,NULL,NULL,NULL,NULL,NULL,NULL,NULL,NULL,NULL,NULL,NULL,NULL,NULL,NULL,NULL,NULL,NULL,'4869','4','0114680003',NULL,'2017-09-14 08:58:01'),(248,'NOILYN G CARRILLO DURAN','CARRILLO DURAN',4,4,'noilyncdn@gmail.com','85772699',NULL,3,NULL,NULL,1,NULL,1,NULL,'0001-01-01 00:00:00',NULL,4,'',1,0,NULL,NULL,NULL,NULL,NULL,NULL,NULL,NULL,NULL,NULL,NULL,NULL,NULL,NULL,NULL,NULL,NULL,'2326','4','0207550495',NULL,'2017-07-22 07:54:26'),(249,'MARIA FERNANDA','CORTES CABALLERO',4,4,'',NULL,NULL,3,NULL,NULL,1,NULL,1,NULL,'0001-01-01 00:00:00',NULL,4,'',1,0,NULL,NULL,NULL,NULL,NULL,NULL,NULL,NULL,NULL,NULL,NULL,NULL,NULL,NULL,NULL,NULL,NULL,'4777','4','0117250251',NULL,'2017-07-24 18:23:21'),(250,'YERLYN ROMERO GOMEZ','ROMERO GOMEZ',7,4,'romerogy@gmail.com','88574962',NULL,3,NULL,NULL,1,NULL,1,NULL,'0001-01-01 00:00:00',NULL,7,'',1,0,NULL,NULL,NULL,NULL,NULL,NULL,NULL,NULL,NULL,NULL,NULL,NULL,NULL,NULL,NULL,NULL,NULL,'1354','7','111970441',NULL,'2017-07-25 20:36:54'),(251,'ALLAN JESUS PEREZ RODRIGUEZ','PEREZ RODRIGUEZ',7,4,'pereezallan@gmail.com','83308867',NULL,3,NULL,NULL,1,NULL,1,NULL,'0001-01-01 00:00:00',NULL,7,'',1,0,NULL,NULL,NULL,NULL,NULL,NULL,NULL,NULL,NULL,NULL,NULL,NULL,NULL,NULL,NULL,NULL,NULL,'1502','7','114830634',NULL,'2017-07-25 21:35:17'),(252,'KEITE ','SALAZAR MORA',7,4,'',NULL,NULL,3,NULL,NULL,1,NULL,1,NULL,'0001-01-01 00:00:00',NULL,7,'',1,0,NULL,NULL,NULL,NULL,NULL,NULL,NULL,NULL,NULL,NULL,NULL,NULL,NULL,NULL,NULL,NULL,NULL,'1887','7','115500904',NULL,'2017-07-26 09:45:27'),(253,'MARIA ISABEL','HERRERA MATAMOROS',7,4,'',NULL,NULL,3,NULL,NULL,1,NULL,1,NULL,'0001-01-01 00:00:00',NULL,7,'',1,0,NULL,NULL,NULL,NULL,NULL,NULL,NULL,NULL,NULL,NULL,NULL,NULL,NULL,NULL,NULL,NULL,NULL,'1464','7','114020463',NULL,'2017-07-26 10:30:58'),(254,'KERLYN YILANIA PEREZ VENEGAS','PEREZ VENEGAS',4,4,'kerlynperezv@hotmail.com','60093920',NULL,3,NULL,NULL,1,NULL,1,NULL,'0001-01-01 00:00:00',NULL,4,'',1,0,NULL,NULL,NULL,NULL,NULL,NULL,NULL,NULL,NULL,NULL,NULL,NULL,NULL,NULL,NULL,NULL,NULL,'4784','4','0114770531',NULL,'2017-07-26 19:18:26'),(255,'JORGE MISAEL GRANADOS GUZMAN','GRANADOS GUZMAN',4,4,'jorgegranaguzman@hotmail.com','86569438',NULL,3,NULL,NULL,1,NULL,1,NULL,'0001-01-01 00:00:00',NULL,4,'',1,0,NULL,NULL,NULL,NULL,NULL,NULL,NULL,NULL,NULL,NULL,NULL,NULL,NULL,NULL,NULL,NULL,NULL,'4836','4','0207110301',NULL,'2017-07-26 19:26:40'),(256,'MILENY PALMA ZUÑIGA','PALMA ZUÑIGA',7,4,'palmazm@ucimed.com','71123230',NULL,3,NULL,NULL,1,NULL,1,NULL,'0001-01-01 00:00:00',NULL,7,'',1,0,NULL,NULL,NULL,NULL,NULL,NULL,NULL,NULL,NULL,NULL,NULL,NULL,NULL,NULL,NULL,NULL,NULL,'1495','7','114690838',NULL,'2017-07-27 09:28:46'),(257,'SYLVIA ALFARO GURROLA','ALFARO GURROLA',7,4,'vochito20@hotmail.com','83586927',NULL,3,NULL,NULL,1,NULL,1,NULL,'0001-01-01 00:00:00',NULL,7,'',1,0,NULL,NULL,NULL,NULL,NULL,NULL,NULL,NULL,NULL,NULL,NULL,NULL,NULL,NULL,NULL,NULL,NULL,'1255','7','110390832',NULL,'2017-07-27 22:09:02'),(258,'KIMBERLY ','LIZANO DELGADO',7,4,'',NULL,NULL,3,NULL,NULL,1,NULL,1,NULL,'0001-01-01 00:00:00',NULL,7,'',1,0,NULL,NULL,NULL,NULL,NULL,NULL,NULL,NULL,NULL,NULL,NULL,NULL,NULL,NULL,NULL,NULL,NULL,'1509','7','114970768',NULL,'2017-08-01 08:49:23'),(259,'FREDDY TEISON MOLINA VALENCIA','MOLINA VALENCIA',5,4,'jeimol0432@gmail.com','70171310',NULL,3,NULL,NULL,1,NULL,1,NULL,'0001-01-01 00:00:00',NULL,5,'',1,0,NULL,NULL,NULL,NULL,NULL,NULL,NULL,NULL,NULL,NULL,NULL,NULL,NULL,NULL,NULL,NULL,NULL,'1894','5','110600032',NULL,'2017-08-01 13:34:04'),(260,'AGUSTIN ARTAVIA RODRIGUEZ','ARTAVIA RODRIGUEZ',5,4,'artaviacr@aol.com','70844787',NULL,3,NULL,NULL,1,NULL,1,NULL,'0001-01-01 00:00:00',NULL,5,'',1,0,NULL,NULL,NULL,NULL,NULL,NULL,NULL,NULL,NULL,NULL,NULL,NULL,NULL,NULL,NULL,NULL,NULL,'2105','5','110720703',NULL,'2017-08-01 15:31:11'),(261,'RAQUEL SALGADO HERRERA','SALGADO HERRERA',7,4,'salgadohr@incisa.cr','61954556',NULL,3,NULL,NULL,1,NULL,1,NULL,'0001-01-01 00:00:00',NULL,7,'',1,0,NULL,NULL,NULL,NULL,NULL,NULL,NULL,NULL,NULL,NULL,NULL,NULL,NULL,NULL,NULL,NULL,NULL,'1254','7','110380350',NULL,'2017-08-01 16:22:08'),(262,'MARIANA ','ARAYA SANDOVAL',4,4,'',NULL,NULL,3,NULL,NULL,1,NULL,1,NULL,'0001-01-01 00:00:00',NULL,4,'',1,0,NULL,NULL,NULL,NULL,NULL,NULL,NULL,NULL,NULL,NULL,NULL,NULL,NULL,NULL,NULL,NULL,NULL,'2183','4','0206960976',NULL,'2017-08-02 21:33:38'),(263,'MARIA JOSE HERRERA QUESADA ','HERRERA QUESADA',4,4,'maria.herrera@hologic.com','83642881',NULL,3,NULL,NULL,1,NULL,1,NULL,'0001-01-01 00:00:00',NULL,4,'',1,0,NULL,NULL,NULL,NULL,NULL,NULL,NULL,NULL,NULL,NULL,NULL,NULL,NULL,NULL,NULL,NULL,NULL,'4866','4','0115380898',NULL,'2017-08-03 16:01:02'),(264,'Alejandro Acuña Espinoza ','Acuña Espinoza',4,4,'ale3esp@gmail.com',NULL,NULL,3,NULL,NULL,1,NULL,1,NULL,'0001-01-01 00:00:00',NULL,4,'',1,0,NULL,NULL,NULL,NULL,NULL,NULL,NULL,NULL,NULL,NULL,NULL,NULL,NULL,NULL,NULL,NULL,NULL,'1356','4','0113070100',NULL,'2017-08-07 10:57:56'),(265,'LUIS  ENRIQUE GOMEZ ALVARADO','GOMEZ ALVARADO ',4,4,'alvaradogomez02@gmail.com','64585762',NULL,3,NULL,NULL,1,NULL,1,NULL,'0001-01-01 00:00:00',NULL,4,'',1,0,NULL,NULL,NULL,NULL,NULL,NULL,NULL,NULL,NULL,NULL,NULL,NULL,NULL,NULL,NULL,NULL,NULL,'4753','4','0206970309',NULL,'2017-08-08 08:13:14'),(266,'Luis Fernando Picado','PICADO MORA',5,4,'Info@asecnar.com','(506)84025471',NULL,3,NULL,NULL,1,NULL,1,NULL,'0001-01-01 00:00:00',NULL,5,'',1,0,NULL,NULL,NULL,NULL,NULL,NULL,NULL,NULL,NULL,NULL,NULL,NULL,NULL,NULL,NULL,NULL,NULL,'1094','5','1-0545-0440',NULL,'2017-08-09 12:44:16'),(267,'ALEXANDER  ANTONIO SANCHEZ PACHECO','SANCHEZ PACHECO ',4,4,'alexander.sanchez@hologic.com','88060818',NULL,3,NULL,NULL,1,NULL,1,NULL,'0001-01-01 00:00:00',NULL,4,'',1,0,NULL,NULL,NULL,NULL,NULL,NULL,NULL,NULL,NULL,NULL,NULL,NULL,NULL,NULL,NULL,NULL,NULL,'4743','4','0116070249',NULL,'2017-08-09 22:23:53'),(268,'KRISTA QUESADA FALLAS','QUESADA FALLAS',4,4,'kristabubbaloo01@gmail.com','88520292',NULL,3,NULL,NULL,1,NULL,1,NULL,'0001-01-01 00:00:00',NULL,4,'',1,0,NULL,NULL,NULL,NULL,NULL,NULL,NULL,NULL,NULL,NULL,NULL,NULL,NULL,NULL,NULL,NULL,NULL,'4875','4','0116530419',NULL,'2017-08-10 12:23:24'),(269,'KASYAN ARIEL SERRANO SUTHERLUND ','SERRANO SUTHERLUND',4,4,'keykar201114@gmail.com',NULL,NULL,3,NULL,NULL,1,NULL,1,NULL,'0001-01-01 00:00:00',NULL,4,'',1,0,NULL,NULL,NULL,NULL,NULL,NULL,NULL,NULL,NULL,NULL,NULL,NULL,NULL,NULL,NULL,NULL,NULL,'4878','4','0207930120',NULL,'2017-08-10 16:59:34'),(270,'KATHERINE ESPINOZA ARRIETA ','ESPINOZA ARRIETA ',4,4,'kate16espinoza@hotmail.com','86565522',NULL,3,NULL,NULL,1,NULL,1,NULL,'0001-01-01 00:00:00',NULL,4,'',1,0,NULL,NULL,NULL,NULL,NULL,NULL,NULL,NULL,NULL,NULL,NULL,NULL,NULL,NULL,NULL,NULL,NULL,'4879','4','0207930144',NULL,'2017-08-10 17:20:28'),(271,'LAURA MORA BARRANTES','MORA BARRANTES',7,4,'laumorab@gmail.com',NULL,NULL,3,NULL,NULL,1,NULL,1,NULL,'0001-01-01 00:00:00',NULL,7,'',1,0,NULL,NULL,NULL,NULL,NULL,NULL,NULL,NULL,NULL,NULL,NULL,NULL,NULL,NULL,NULL,NULL,NULL,'1312','7','111370565',NULL,'2017-08-14 10:42:51'),(272,'MONICA ','ROMERO SOTO',7,4,'',NULL,NULL,3,NULL,NULL,1,NULL,1,NULL,'0001-01-01 00:00:00',NULL,7,'',1,0,NULL,NULL,NULL,NULL,NULL,NULL,NULL,NULL,NULL,NULL,NULL,NULL,NULL,NULL,NULL,NULL,NULL,'1197','7','109330678',NULL,'2017-09-21 09:35:06'),(273,'SLEITER QUESADA MARIN ','QUESADA MARIN',4,4,'sleiterquesadamarin@gmail.com','(506)89358558',NULL,3,NULL,NULL,1,NULL,1,NULL,'0001-01-01 00:00:00',NULL,4,'',1,0,NULL,NULL,NULL,NULL,NULL,NULL,NULL,NULL,NULL,NULL,NULL,NULL,NULL,NULL,NULL,NULL,NULL,'3169','4','207250373',NULL,'2017-08-14 14:27:42'),(274,'MARLING NAVARRO HURTADO','NAVARRO HURTADO',7,4,'marlingnav@gmail.com','83680830',NULL,3,NULL,NULL,1,NULL,1,NULL,'0001-01-01 00:00:00',NULL,7,'',1,0,NULL,NULL,NULL,NULL,NULL,NULL,NULL,NULL,NULL,NULL,NULL,NULL,NULL,NULL,NULL,NULL,NULL,'1551','7','155808065822',NULL,'2017-08-16 13:49:01'),(275,'Daniela Fallas ','FALLAS CASCANTE',7,4,'danielafc@hotmail.es','(506)(506)71225191',NULL,3,NULL,NULL,1,NULL,1,NULL,'0001-01-01 00:00:00',NULL,7,'',1,0,NULL,NULL,NULL,NULL,NULL,NULL,NULL,NULL,NULL,NULL,NULL,NULL,NULL,NULL,NULL,NULL,NULL,'1527','7','116610282',NULL,'2017-09-21 11:37:02'),(276,'Gerardo ','Bonilla Jiménez',4,4,'',NULL,NULL,3,NULL,NULL,1,NULL,1,NULL,'0001-01-01 00:00:00',NULL,4,'',1,0,NULL,NULL,NULL,NULL,NULL,NULL,NULL,NULL,NULL,NULL,NULL,NULL,NULL,NULL,NULL,NULL,NULL,'1222','4','0111290652',NULL,'2017-08-17 06:23:53'),(277,'LEONEL VINICIO HERNANDEZ ZUMBADO','HERNANDEZ ZUMBADO',7,4,'leonelhzgh@gmail.com','61615915',NULL,3,NULL,NULL,1,NULL,1,NULL,'0001-01-01 00:00:00',NULL,7,'',1,0,NULL,NULL,NULL,NULL,NULL,NULL,NULL,NULL,NULL,NULL,NULL,NULL,NULL,NULL,NULL,NULL,NULL,'1734','7','402070252',NULL,'2017-08-18 13:52:42'),(278,'Shirley Barboza','BARBOZA VILLALOBOS',4,4,'barbozas770@gmail.com','(506)(506)60447814',NULL,3,NULL,NULL,1,NULL,1,NULL,'0001-01-01 00:00:00',NULL,4,'',1,0,NULL,NULL,NULL,NULL,NULL,NULL,NULL,NULL,NULL,NULL,NULL,NULL,NULL,NULL,NULL,NULL,NULL,'4817','4','0204980592',NULL,'2017-08-18 14:44:29'),(279,'JOSUE DAVID','CHAVARRIA CERDAS',4,4,'',NULL,NULL,3,NULL,NULL,1,NULL,1,NULL,'0001-01-01 00:00:00',NULL,4,'',1,0,NULL,NULL,NULL,NULL,NULL,NULL,NULL,NULL,NULL,NULL,NULL,NULL,NULL,NULL,NULL,NULL,NULL,'1840','4','0206180111',NULL,'2017-08-22 10:51:50'),(280,'MARIANO CORDERO SEGURA','CORDERO SEGURA',4,4,'m.segura10@hotmail.com',NULL,NULL,3,NULL,NULL,1,NULL,1,NULL,'0001-01-01 00:00:00',NULL,4,'',1,0,NULL,NULL,NULL,NULL,NULL,NULL,NULL,NULL,NULL,NULL,NULL,NULL,NULL,NULL,NULL,NULL,NULL,'2371','4','0303640920',NULL,'2017-08-22 11:26:17'),(281,'ELIA RAMIREZ RAMIREZ','RAMIREZ RAMIREZ',4,4,'elia.ramirez@hologic.com','88371030',NULL,3,NULL,NULL,1,NULL,1,NULL,'0001-01-01 00:00:00',NULL,4,'',1,0,NULL,NULL,NULL,NULL,NULL,NULL,NULL,NULL,NULL,NULL,NULL,NULL,NULL,NULL,NULL,NULL,NULL,'1256','4','0111600777',NULL,'2017-09-20 16:11:24'),(282,'CARLOS ','ALFARO ZUMBADO',4,4,'',NULL,NULL,3,NULL,NULL,1,NULL,1,NULL,'0001-01-01 00:00:00',NULL,4,'',1,0,NULL,NULL,NULL,NULL,NULL,NULL,NULL,NULL,NULL,NULL,NULL,NULL,NULL,NULL,NULL,NULL,NULL,'2751','4','0900870470',NULL,'2017-08-22 12:18:35'),(283,'FELIPE  ','MUÑOZ ARGUEDAS ',4,4,'',NULL,NULL,3,NULL,NULL,1,NULL,1,NULL,'0001-01-01 00:00:00',NULL,4,'',1,0,NULL,NULL,NULL,NULL,NULL,NULL,NULL,NULL,NULL,NULL,NULL,NULL,NULL,NULL,NULL,NULL,NULL,'4803','4','0115350973',NULL,'2017-08-22 12:30:43'),(284,'JOSE GERARDO','SOLANO LOAIZA',4,4,'',NULL,NULL,3,NULL,NULL,1,NULL,1,NULL,'0001-01-01 00:00:00',NULL,4,'',1,0,NULL,NULL,NULL,NULL,NULL,NULL,NULL,NULL,NULL,NULL,NULL,NULL,NULL,NULL,NULL,NULL,NULL,'1167','4','0110420299',NULL,'2017-08-22 12:37:28'),(285,'SONIA ','CRUZ LEON',4,4,'',NULL,NULL,3,NULL,NULL,1,NULL,1,NULL,'0001-01-01 00:00:00',NULL,4,'',1,0,NULL,NULL,NULL,NULL,NULL,NULL,NULL,NULL,NULL,NULL,NULL,NULL,NULL,NULL,NULL,NULL,NULL,'1039','4','0107360487',NULL,'2017-08-22 12:38:41'),(286,'ISAIAS HERRERA JIMENEZ','HERRERA JIMENEZ',4,4,'Isaias.herrera@hologic.com','83080425',NULL,3,NULL,NULL,1,NULL,1,NULL,'0001-01-01 00:00:00',NULL,4,'',1,0,NULL,NULL,NULL,NULL,NULL,NULL,NULL,NULL,NULL,NULL,NULL,NULL,NULL,NULL,NULL,NULL,NULL,'4813','4','0205880841',NULL,'2017-08-22 12:52:12'),(287,'MARIO ANDRES','ARAYA HIDALGO',4,4,'',NULL,NULL,3,NULL,NULL,1,NULL,1,NULL,'0001-01-01 00:00:00',NULL,4,'',1,0,NULL,NULL,NULL,NULL,NULL,NULL,NULL,NULL,NULL,NULL,NULL,NULL,NULL,NULL,NULL,NULL,NULL,'1776','4','0205960067',NULL,'2017-08-22 12:53:46'),(288,'JEREMY EDGARDO','RUIZ RODRIGUEZ',4,4,'',NULL,NULL,3,NULL,NULL,1,NULL,1,NULL,'0001-01-01 00:00:00',NULL,4,'',1,0,NULL,NULL,NULL,NULL,NULL,NULL,NULL,NULL,NULL,NULL,NULL,NULL,NULL,NULL,NULL,NULL,NULL,'1715','4','0205680699',NULL,'2017-08-22 12:57:21'),(289,'LUIS ENRIQUEZ','RAMIREZ ROJAS',4,4,'',NULL,NULL,3,NULL,NULL,1,NULL,1,NULL,'0001-01-01 00:00:00',NULL,4,'',1,0,NULL,NULL,NULL,NULL,NULL,NULL,NULL,NULL,NULL,NULL,NULL,NULL,NULL,NULL,NULL,NULL,NULL,'2169','4','0206920136',NULL,'2017-08-22 12:58:06'),(290,'YOXAN BARRIONUEVO ROJAS','BARRIONUEVO ROJAS',4,4,'yoxan.barrionuevo@hologic.com','89819845',NULL,3,NULL,NULL,1,NULL,1,NULL,'0001-01-01 00:00:00',NULL,4,'',1,0,NULL,NULL,NULL,NULL,NULL,NULL,NULL,NULL,NULL,NULL,NULL,NULL,NULL,NULL,NULL,NULL,NULL,'1307','4','0112390701',NULL,'2017-08-22 13:01:31'),(291,'FABIAN ARGUELLO CORRALES','ARGUELLO CORRALES',4,4,'fabian_arg22@hotmail.com',NULL,NULL,3,NULL,NULL,1,NULL,1,NULL,'0001-01-01 00:00:00',NULL,4,'',1,0,NULL,NULL,NULL,NULL,NULL,NULL,NULL,NULL,NULL,NULL,NULL,NULL,NULL,NULL,NULL,NULL,NULL,'4826','4','0112330781',NULL,'2017-08-22 13:07:02'),(292,'Anthonny Barrantes','BARRANTES MARIN',4,4,'Tony.elec_1190@hotmail.com','(506)70138681',NULL,3,NULL,NULL,1,NULL,1,NULL,'0001-01-01 00:00:00',NULL,4,'',1,0,NULL,NULL,NULL,NULL,NULL,NULL,NULL,NULL,NULL,NULL,NULL,NULL,NULL,NULL,NULL,NULL,NULL,'2498','4','0402090040',NULL,'2017-08-22 13:19:00'),(293,'ALONSO ARCE GOMEZ','ARCE GOMEZ',4,4,'alonso.arce@hologic.com','24362749',NULL,3,NULL,NULL,1,NULL,1,NULL,'0001-01-01 00:00:00',NULL,4,'',1,0,NULL,NULL,NULL,NULL,NULL,NULL,NULL,NULL,NULL,NULL,NULL,NULL,NULL,NULL,NULL,NULL,NULL,'2422','4','0401710001',NULL,'2017-08-22 13:25:36'),(294,'EISY MAYELA CASTRO VARGAS','CASTRO VARGAS',4,4,'mayecv1907@gmail.com',NULL,NULL,3,NULL,NULL,1,NULL,1,NULL,'0001-01-01 00:00:00',NULL,4,'',1,0,NULL,NULL,NULL,NULL,NULL,NULL,NULL,NULL,NULL,NULL,NULL,NULL,NULL,NULL,NULL,NULL,NULL,'1027','4','0106560109',NULL,'2017-08-22 14:25:57'),(295,'MAYER RAMIREZ VILLALOBOS','RAMIREZ VILLALOBOS ',4,4,'mayer.rv@hotmail.com','85574262',NULL,3,NULL,NULL,1,NULL,1,NULL,'0001-01-01 00:00:00',NULL,4,'',1,0,NULL,NULL,NULL,NULL,NULL,NULL,NULL,NULL,NULL,NULL,NULL,NULL,NULL,NULL,NULL,NULL,NULL,'3604','4','0205900208',NULL,'2017-08-22 14:33:43'),(296,'DAVID SOLORZANO MARTINEZ','SOLORZANO MARTINEZ',7,4,'jacda37@gmail.com','71344167',NULL,3,NULL,NULL,1,NULL,1,NULL,'0001-01-01 00:00:00',NULL,7,'',1,0,NULL,NULL,NULL,NULL,NULL,NULL,NULL,NULL,NULL,NULL,NULL,NULL,NULL,NULL,NULL,NULL,NULL,'1249','7','110350291',NULL,'2017-08-22 15:56:24'),(297,'WENDY LIZANO GRANADOS ','LIZANO GRANADOS',4,4,'wen_2708@hotmail.com',NULL,NULL,3,NULL,NULL,1,NULL,1,NULL,'0001-01-01 00:00:00',NULL,4,'',1,0,NULL,NULL,NULL,NULL,NULL,NULL,NULL,NULL,NULL,NULL,NULL,NULL,NULL,NULL,NULL,NULL,NULL,'4781','4','0114570365',NULL,'2017-08-22 19:37:29'),(298,'JOSE MARIO','VARGAS ROJAS',4,4,'',NULL,NULL,3,NULL,NULL,1,NULL,1,NULL,'0001-01-01 00:00:00',NULL,4,'',1,0,NULL,NULL,NULL,NULL,NULL,NULL,NULL,NULL,NULL,NULL,NULL,NULL,NULL,NULL,NULL,NULL,NULL,'1453','4','0114230278',NULL,'2017-08-23 14:07:57'),(299,'RUBEN DAVID ASTORGA PEREZ','ASTORGA PEREZ',4,4,'raspe07@gmail.com','(506)87025760',NULL,3,NULL,NULL,1,NULL,1,NULL,'0001-01-01 00:00:00',NULL,4,'',1,0,NULL,NULL,NULL,NULL,NULL,NULL,NULL,NULL,NULL,NULL,NULL,NULL,NULL,NULL,NULL,NULL,NULL,'1378','4','0113350343',NULL,'2017-08-23 17:32:21'),(300,'JULIANA VARELA SALAZAR ','VARELA SALAZAR',4,4,'yuvasa2402@gmail.com','(506)(506)72780842',NULL,3,NULL,NULL,1,NULL,1,NULL,'0001-01-01 00:00:00',NULL,4,'',1,0,NULL,NULL,NULL,NULL,NULL,NULL,NULL,NULL,NULL,NULL,NULL,NULL,NULL,NULL,NULL,NULL,NULL,'2284','4','0207360897',NULL,'2017-08-23 18:55:17'),(301,'JENNIFER MARIA CHAVARRIA CORDERO','CHAVARRIA CORDERO',4,4,'jenniferchcor@gmail.com','(506)60390002',NULL,3,NULL,NULL,1,NULL,1,NULL,'0001-01-01 00:00:00',NULL,4,'',1,0,NULL,NULL,NULL,NULL,NULL,NULL,NULL,NULL,NULL,NULL,NULL,NULL,NULL,NULL,NULL,NULL,NULL,'2212','4','0207080334',NULL,'2017-08-24 14:39:40'),(302,'WAYNER FRANCISCO OVIEDO JIMENEZ','OVIEDO JIMENEZ',4,4,'w.harriss88@hotmail.com','(506)86308459',NULL,3,NULL,NULL,1,NULL,1,NULL,'0001-01-01 00:00:00',NULL,4,'',1,0,NULL,NULL,NULL,NULL,NULL,NULL,NULL,NULL,NULL,NULL,NULL,NULL,NULL,NULL,NULL,NULL,NULL,'1937','4','0206470557',NULL,'2017-08-24 23:13:41'),(303,'YONATHAN SERRANO ORDONEZ','SERRANO ORDONEZ',4,4,'jserrax7@gmail.com','(506)',NULL,3,NULL,NULL,1,NULL,1,NULL,'0001-01-01 00:00:00',NULL,4,'',1,0,NULL,NULL,NULL,NULL,NULL,NULL,NULL,NULL,NULL,NULL,NULL,NULL,NULL,NULL,NULL,NULL,NULL,'4845','4','117000325617',NULL,'2017-08-25 19:39:31'),(304,'DIANA CAROLINA RODRIGUEZ CAMPOS   ','RODRIGUEZ CAMPOS',4,4,'','(506)(506)(506)(506)61075144',NULL,3,NULL,NULL,1,NULL,1,NULL,'0001-01-01 00:00:00',NULL,4,'',1,0,NULL,NULL,NULL,NULL,NULL,NULL,NULL,NULL,NULL,NULL,NULL,NULL,NULL,NULL,NULL,NULL,NULL,'1995','4','0206590690',NULL,'2017-08-26 15:00:47'),(305,'KEYLIN CHAVARRIA GODINEZ','CHAVARRIA GODINEZ',4,4,'keychgo0306@hotmail.com','(506)85322431',NULL,3,NULL,NULL,1,NULL,1,NULL,'0001-01-01 00:00:00',NULL,4,'',1,0,NULL,NULL,NULL,NULL,NULL,NULL,NULL,NULL,NULL,NULL,NULL,NULL,NULL,NULL,NULL,NULL,NULL,'2513','4','0402230096',NULL,'2017-08-27 13:45:22'),(306,'MARIALA DEL MILAGRO ARIAS SOTO','ARIAS SOTO',4,4,'milarias94@gmail.com','(506)89545337',NULL,3,NULL,NULL,1,NULL,1,NULL,'0001-01-01 00:00:00',NULL,4,'',1,0,NULL,NULL,NULL,NULL,NULL,NULL,NULL,NULL,NULL,NULL,NULL,NULL,NULL,NULL,NULL,NULL,NULL,'2255','4','0207260658',NULL,'2017-08-27 16:51:28'),(307,'LUIS ALVARO','ALFARO CHACON',4,4,'','(506)',NULL,3,NULL,NULL,1,NULL,1,NULL,'0001-01-01 00:00:00',NULL,4,'',1,0,NULL,NULL,NULL,NULL,NULL,NULL,NULL,NULL,NULL,NULL,NULL,NULL,NULL,NULL,NULL,NULL,NULL,'1108','4','0109530181',NULL,'2017-08-28 07:49:32'),(308,'Princess ','Santos No indica',4,4,'','(506)',NULL,3,NULL,NULL,1,NULL,1,NULL,'0001-01-01 00:00:00',NULL,4,'',1,0,NULL,NULL,NULL,NULL,NULL,NULL,NULL,NULL,NULL,NULL,NULL,NULL,NULL,NULL,NULL,NULL,NULL,'3067','4','160800019517',NULL,'2017-08-28 11:36:25'),(309,'PATRICIA ARIAS CORDOBA','ARIAS CORDOBA',4,4,'patriarcor1501@nokiamail.com','(506)63278901',NULL,3,NULL,NULL,1,NULL,1,NULL,'0001-01-01 00:00:00',NULL,4,'',1,0,NULL,NULL,NULL,NULL,NULL,NULL,NULL,NULL,NULL,NULL,NULL,NULL,NULL,NULL,NULL,NULL,NULL,'4884','4','0205350347',NULL,'2017-08-28 17:58:45'),(310,'Marcela Moreira','MOREIRA RODRIGUEZ ',4,4,'mmorod@gmail.com','(506)(506)88681479',NULL,3,NULL,NULL,1,NULL,1,NULL,'0001-01-01 00:00:00',NULL,4,'',1,0,NULL,NULL,NULL,NULL,NULL,NULL,NULL,NULL,NULL,NULL,NULL,NULL,NULL,NULL,NULL,NULL,NULL,'4701','4','0115420279',NULL,'2017-08-30 10:18:47'),(311,'MARIA DEL CARMEN DELGADO ZUÑIGA ','DELGADO ZUÑIGA',7,4,'mariadel8927@gmail.com','(506)(506)88050637',NULL,3,NULL,NULL,1,NULL,1,NULL,'0001-01-01 00:00:00',NULL,7,'',1,0,NULL,NULL,NULL,NULL,NULL,NULL,NULL,NULL,NULL,NULL,NULL,NULL,NULL,NULL,NULL,NULL,NULL,'1126','7','107210497',NULL,'2017-09-01 13:55:01'),(312,'JAVIER ANDRES','CESPEDES CHAVERRI',4,4,'','(506)',NULL,3,NULL,NULL,1,NULL,1,NULL,'0001-01-01 00:00:00',NULL,4,'',1,0,NULL,NULL,NULL,NULL,NULL,NULL,NULL,NULL,NULL,NULL,NULL,NULL,NULL,NULL,NULL,NULL,NULL,'4871','4','0402260804',NULL,'2017-09-04 09:05:53'),(313,'DANIELA VEGA CASTILLO','VEGA CASTILLO',7,4,'danivega0791@gmail.com','(506)',NULL,3,NULL,NULL,1,NULL,1,NULL,'0001-01-01 00:00:00',NULL,7,'',1,0,NULL,NULL,NULL,NULL,NULL,NULL,NULL,NULL,NULL,NULL,NULL,NULL,NULL,NULL,NULL,NULL,NULL,'1491','7','114670023',NULL,'2017-09-05 08:41:02'),(314,'MARIA ALEJANDRA','VALERIO GARCIA',4,4,'','(506)',NULL,3,NULL,NULL,1,NULL,1,NULL,'0001-01-01 00:00:00',NULL,4,'',1,0,NULL,NULL,NULL,NULL,NULL,NULL,NULL,NULL,NULL,NULL,NULL,NULL,NULL,NULL,NULL,NULL,NULL,'1333','4','0112920018',NULL,'2017-09-05 11:37:04'),(315,'JULIO ','CHAVES SERRANO',4,4,'','(506)',NULL,3,NULL,NULL,1,NULL,1,NULL,'0001-01-01 00:00:00',NULL,4,'',1,0,NULL,NULL,NULL,NULL,NULL,NULL,NULL,NULL,NULL,NULL,NULL,NULL,NULL,NULL,NULL,NULL,NULL,'3503','4','0115170742',NULL,'2017-09-06 13:24:31'),(316,'WALTER ANTONIO VELASQUEZ LOPEZ','VELASQUEZ LOPEZ',4,4,'walter_12_1997@hotmail.com','(506)72085135',NULL,3,NULL,NULL,1,NULL,1,NULL,'0001-01-01 00:00:00',NULL,4,'',1,0,NULL,NULL,NULL,NULL,NULL,NULL,NULL,NULL,NULL,NULL,NULL,NULL,NULL,NULL,NULL,NULL,NULL,'3567','4','0116940767',NULL,'2017-09-12 14:13:30'),(317,'Sofi','',1,1,'sofi@ncubo.com',NULL,NULL,1,'sofi','2d62527d7908c1d476e0361838fa0b9c0a692198eeddcc7d1abe87983673c5196292c946b62fc9b8f3ebfc0c2231597e1181b291313a7dc3f1346b012518f32e',1,NULL,1,NULL,'2017-05-10 00:00:00',NULL,1,'agente AI',0,0,NULL,NULL,NULL,NULL,NULL,NULL,NULL,NULL,NULL,NULL,NULL,NULL,NULL,NULL,NULL,NULL,NULL,NULL,NULL,NULL,NULL,'2017-09-13 11:35:26'),(318,'Soporte','NCubo',2,7,'soporte@ncubo.com','','',15,'soporte','d20671c1b22236837fd81f2d71f8373b0e00443fd43fd9f3949bdb5942f030018778d130969147306b4fefa3dcf64cfe9661b5c30aaf6185c7325b78bcd6ac2f',1,NULL,1,1,'2017-09-13 11:37:23','2017-09-13 12:17:37',7,'Encargado de soporte',0,0,NULL,NULL,NULL,0,NULL,NULL,NULL,NULL,NULL,NULL,NULL,NULL,NULL,NULL,NULL,NULL,NULL,NULL,NULL,NULL,NULL,'2017-09-20 14:44:44'),(319,'MARJORIE CHAVES SEQUEIRA','CHAVES SEQUEIRA',5,4,'maryuri7801@live.com','(506)61337273',NULL,14,NULL,'',1,NULL,1,NULL,'2017-09-13 13:10:20',NULL,5,'',1,0,NULL,NULL,NULL,NULL,NULL,NULL,NULL,NULL,NULL,NULL,NULL,NULL,NULL,NULL,NULL,NULL,NULL,'1971','5','110220395',NULL,'2017-09-13 13:10:20'),(320,'Julio','Rodríguez',4,7,'julio.rodriguez@hologic.com','','',15,'julio.rodriguez','d20671c1b22236837fd81f2d71f8373b0e00443fd43fd9f3949bdb5942f030018778d130969147306b4fefa3dcf64cfe9661b5c30aaf6185c7325b78bcd6ac2f',1,NULL,1,1,'2017-09-13 14:17:12','2017-09-13 14:17:12',4,'Administrador de Asehologic',1,0,NULL,NULL,NULL,0,NULL,NULL,NULL,NULL,NULL,NULL,NULL,NULL,NULL,NULL,NULL,NULL,NULL,NULL,NULL,NULL,NULL,NULL),(321,'Fanciny','Salazar Soto',4,7,'franciny.salazar@hologic.com','','',15,'franciny.salazar','d20671c1b22236837fd81f2d71f8373b0e00443fd43fd9f3949bdb5942f030018778d130969147306b4fefa3dcf64cfe9661b5c30aaf6185c7325b78bcd6ac2f',1,NULL,1,1,'2017-09-13 14:18:31','2017-09-13 14:18:31',4,'Asistente Comercial Asehologic',1,0,NULL,NULL,NULL,0,NULL,NULL,NULL,NULL,NULL,NULL,NULL,NULL,NULL,NULL,NULL,NULL,NULL,NULL,NULL,NULL,NULL,NULL),(322,'Tayrin','Murillo',4,7,'Tayrin.Murillo@hologic.com','','',15,'Tayrin.Murillo','d20671c1b22236837fd81f2d71f8373b0e00443fd43fd9f3949bdb5942f030018778d130969147306b4fefa3dcf64cfe9661b5c30aaf6185c7325b78bcd6ac2f',1,NULL,1,1,'2017-09-13 14:19:38','2017-09-13 14:19:38',4,'Contador Asehologic',1,0,NULL,NULL,NULL,0,NULL,NULL,NULL,NULL,NULL,NULL,NULL,NULL,NULL,NULL,NULL,NULL,NULL,NULL,NULL,NULL,NULL,NULL),(323,'Rocio','Barahora Fuentes',5,7,'administracion@asecnar.com','','',15,'administracion','d20671c1b22236837fd81f2d71f8373b0e00443fd43fd9f3949bdb5942f030018778d130969147306b4fefa3dcf64cfe9661b5c30aaf6185c7325b78bcd6ac2f',1,NULL,1,1,'2017-09-13 14:20:46','2017-09-13 14:20:46',5,'Administradora de Asecnar',1,0,NULL,NULL,NULL,0,NULL,NULL,NULL,NULL,NULL,NULL,NULL,NULL,NULL,NULL,NULL,NULL,NULL,NULL,NULL,NULL,NULL,NULL),(324,'Deynni','Chacón',5,7,'dchacon@asecnar.com','','',15,'dchacon','d20671c1b22236837fd81f2d71f8373b0e00443fd43fd9f3949bdb5942f030018778d130969147306b4fefa3dcf64cfe9661b5c30aaf6185c7325b78bcd6ac2f',1,NULL,1,1,'2017-09-13 14:21:41','2017-09-13 14:21:41',5,'Asistente Comercial de Asecnar',1,0,NULL,NULL,NULL,0,NULL,NULL,NULL,NULL,NULL,NULL,NULL,NULL,NULL,NULL,NULL,NULL,NULL,NULL,NULL,NULL,NULL,NULL),(325,'Silvia','Fernández',7,7,'asoseam@ucimed.com','','',15,'asoseam','961c8e7f6b87a464c5844ae296910c96e34a08d90ae121127c92c72cf2dda4d809c61d9450f6d8f920ae4c2b04c8d177613feabcf9b5439b8e2fe8ff10b250d8',1,NULL,1,1,'2017-09-13 14:23:47','2017-09-13 14:23:47',7,'Administradora de Asoseam',0,0,NULL,NULL,NULL,0,NULL,NULL,NULL,NULL,NULL,NULL,NULL,NULL,NULL,NULL,NULL,NULL,NULL,NULL,NULL,NULL,NULL,'2017-09-20 14:26:01'),(326,'Katherine','Monge Castro',7,7,'asistenteasoseam@ucimed.com','','',15,'asistenteasoseam','8cb50e7e64cfde28f4dba9a75cc5c718d99c8b3c14e904cc7d70d6f2ecf78e6c340f8c0cd1f0141daf0fd8222b7c7832494e51983c37c95e3d2da4eb67850875',1,NULL,1,1,'2017-09-13 14:24:48','2017-09-13 14:24:48',7,'Asistente Comercial de Asoseam',0,0,NULL,NULL,NULL,0,NULL,NULL,NULL,NULL,NULL,NULL,NULL,NULL,NULL,NULL,NULL,NULL,NULL,NULL,NULL,NULL,NULL,'2017-09-20 14:43:02'),(327,'LAURA ARGENTINA','VALERIO CAMPOS',7,4,'','(506)',NULL,14,NULL,'',1,NULL,1,NULL,'2017-09-13 15:08:57',NULL,7,'',1,0,NULL,NULL,NULL,NULL,NULL,NULL,NULL,NULL,NULL,NULL,NULL,NULL,NULL,NULL,NULL,NULL,NULL,'1231','7','110010145',NULL,'2017-09-13 15:08:57'),(328,'DANNY AGUILAR ZUÑIGA','AGUILAR ZUÑIGA',7,4,'dannyaguilar11@gmail.com','(506)89929568',NULL,14,NULL,'',1,NULL,1,NULL,'2017-09-14 09:57:49',NULL,7,'',1,0,NULL,NULL,NULL,NULL,NULL,NULL,NULL,NULL,NULL,NULL,NULL,NULL,NULL,NULL,NULL,NULL,NULL,'1292','7','110910974',NULL,'2017-09-20 11:45:08'),(329,'FARLANE SAMUEL JONES MC','JONES MC',7,4,'samueljonesm@gmail.com','(506)83695319',NULL,14,NULL,'',1,NULL,1,NULL,'2017-09-14 14:16:57',NULL,7,'',1,0,NULL,NULL,NULL,NULL,NULL,NULL,NULL,NULL,NULL,NULL,NULL,NULL,NULL,NULL,NULL,NULL,NULL,'1771','7','700800248',NULL,'2017-09-14 14:17:45'),(330,'CELESTE  TATIANA CHAVEZ CORTES','CHAVEZ CORTES',4,4,'wwwcelestetatiana048@hotmail.com','(506)85702540',NULL,14,NULL,'d20671c1b22236837fd81f2d71f8373b0e00443fd43fd9f3949bdb5942f030018778d130969147306b4fefa3dcf64cfe9661b5c30aaf6185c7325b78bcd6ac2f',0,NULL,1,1,'2017-09-14 14:57:10','2017-11-13 17:31:01',4,'',0,0,NULL,NULL,NULL,NULL,NULL,NULL,NULL,NULL,NULL,NULL,NULL,NULL,NULL,NULL,NULL,NULL,NULL,NULL,NULL,NULL,NULL,NULL),(331,'GREIVIN ALBERTO','FUENTES MACHADO',5,4,'','(506)',NULL,14,NULL,'',1,NULL,1,NULL,'2017-09-18 14:54:18',NULL,5,'',1,0,NULL,NULL,NULL,NULL,NULL,NULL,NULL,NULL,NULL,NULL,NULL,NULL,NULL,NULL,NULL,NULL,NULL,'1936','5','303640571',NULL,NULL),(332,'ANA VICTORIA LEON SOLANO','LEON SOLANO',7,4,'ana0512@gmail.com','(506)85497299',NULL,14,NULL,'',1,NULL,1,NULL,'2017-09-19 15:38:18',NULL,7,'',1,0,NULL,NULL,NULL,NULL,NULL,NULL,NULL,NULL,NULL,NULL,NULL,NULL,NULL,NULL,NULL,NULL,NULL,'1879','7','113000533',NULL,'2017-09-19 15:38:53'),(333,'ALVARO ','CORONADO MADRIGAL',7,4,'','(506)',NULL,14,NULL,'',1,NULL,1,NULL,'2017-09-21 09:35:37',NULL,7,'',1,0,NULL,NULL,NULL,NULL,NULL,NULL,NULL,NULL,NULL,NULL,NULL,NULL,NULL,NULL,NULL,NULL,NULL,'1913','7','115050845',NULL,NULL),(334,'q','q',4,6,'q@correo.com','(111)1111-1111',NULL,14,'q','d20671c1b22236837fd81f2d71f8373b0e00443fd43fd9f3949bdb5942f030018778d130969147306b4fefa3dcf64cfe9661b5c30aaf6185c7325b78bcd6ac2f',0,NULL,1,1,'2017-11-09 16:27:46','2017-11-13 17:32:04',4,'q',0,0,NULL,NULL,NULL,NULL,NULL,NULL,NULL,NULL,NULL,NULL,NULL,NULL,NULL,NULL,NULL,NULL,NULL,NULL,NULL,NULL,NULL,NULL);
/*!40000 ALTER TABLE `usuario` ENABLE KEYS */;
UNLOCK TABLES;
/*!40103 SET TIME_ZONE=@OLD_TIME_ZONE */;

/*!40101 SET SQL_MODE=@OLD_SQL_MODE */;
/*!40014 SET FOREIGN_KEY_CHECKS=@OLD_FOREIGN_KEY_CHECKS */;
/*!40014 SET UNIQUE_CHECKS=@OLD_UNIQUE_CHECKS */;
/*!40101 SET CHARACTER_SET_CLIENT=@OLD_CHARACTER_SET_CLIENT */;
/*!40101 SET CHARACTER_SET_RESULTS=@OLD_CHARACTER_SET_RESULTS */;
/*!40101 SET COLLATION_CONNECTION=@OLD_COLLATION_CONNECTION */;
/*!40111 SET SQL_NOTES=@OLD_SQL_NOTES */;

-- Dump completed on 2017-11-14 10:02:42
